State,County,Normalization 
Alabama,Autauga County,Autauga County
Alabama,Barbour County,Barbour County
Alabama,Blount County,Blount County
Alabama,Butler County,Butler County
Alabama,Chambers County,Chambers County
Alabama,Chilton County,Chilton County
Alabama,Colbert County,Colbert County
Alabama,Coosa County,Coosa County
Alabama,Covington County,Covington County
Alabama,Cullman County,Cullman County
Alabama,DeKalb County,DeKalb County
Alabama,Elmore County,Elmore County
Alabama,Escambia County,Escambia County
Alabama,Etowah County,Etowah County
Alabama,Franklin County,Franklin County
Alabama,Geneva County,Geneva County
Alabama,Greene County,Greene County
Alabama,Hale County,Hale County
Alabama,Jackson County,Jackson County
Alabama,Jefferson County,Jefferson County
Alabama,Lamar County,Lamar County
Alabama,Lawrence County,Lawrence County
Alabama,Lee County,Lee County
Alabama,Marion County,Marion County
Alabama,Mobile County,Mobile County
Alabama,Morgan County,Morgan County
Alabama,Pickens County,Pickens County
Alabama,Randolph County,Randolph County
Alabama,Shelby County,Shelby County
Alabama,St. Clair County,St. Clair County
Alabama,Sumter County,Sumter County
Alabama,Talladega County,Talladega County
Alabama,Tallapoosa County,Tallapoosa County
Alabama,Tuscaloosa County,Tuscaloosa County
Alabama,Walker County,Walker County
Alabama,Washington County,Washington County
Arkansas,Arkansas County,Arkansas County
Arkansas,Ashley County,Ashley County
Arkansas,Benton County,Benton County
Arkansas,Bradley County,Bradley County
Arkansas,Clay County,Clay County
Arkansas,Cleburne County,Cleburne County
Arkansas,Columbia County,Columbia County
Arkansas,Conway County,Conway County
Arkansas,Craighead County,Craighead County
Arkansas,Crawford County,Crawford County
Arkansas,Dallas County,Dallas County
Arkansas,Faulkner County,Faulkner County
Arkansas,Fulton County,Fulton County
Arkansas,Garland County,Garland County
Arkansas,Grant County,Grant County
Arkansas,Greene County,Greene County
Arkansas,Hot Spring County,Hot Spring County
Arkansas,Jackson County,Jackson County
Arkansas,Lee County,Lee County
Arkansas,Little River County,Little River County
Arkansas,Lonoke County,Lonoke County
Arkansas,Madison County,Madison County
Arkansas,Marion County,Marion County
Arkansas,Mississippi County,Mississippi County
Arkansas,Montgomery County,Montgomery County
Arkansas,Newton County,Newton County
Arkansas,Ouachita County,Ouachita County
Arkansas,Perry County,Perry County
Arkansas,Phillips County,Phillips County
Arkansas,Pike County,Pike County
Arkansas,Polk County,Polk County
Arkansas,Pope County,Pope County
Arkansas,Pulaski County,Pulaski County
Arkansas,Randolph County,Randolph County
Arkansas,Saline County,Saline County
Arkansas,Sebastian County,Sebastian County
Arkansas,St. Francis County,St. Francis County
Arkansas,Union County,Union County
Arkansas,Van Buren County,Van Buren County
Arkansas,Washington County,Washington County
Arkansas,White County,White County
Arkansas,Woodruff County,Woodruff County
Connecticut,Fairfield County,Fairfield County
Connecticut,Litchfield County,Litchfield County
Connecticut,New Haven County,New Haven County
Connecticut,New London County,New London County
Connecticut,Tolland County,Tolland County
Connecticut,Windham County,Windham County
Delaware,Kent County,Kent County
Delaware,New Castle County,New Castle County
Delaware,Sussex County,Sussex County
Florida,Alachua County,Alachua County
Florida,Baker County,Baker County
Florida,Brevard County,Brevard County
Florida,Broward County,Broward County
Florida,Citrus County,Citrus County
Florida,Clay County,Clay County
Florida,Collier County,Collier County
Florida,Dixie County,Dixie County
Florida,Escambia County,Escambia County
Florida,Flagler County,Flagler County
Florida,Gadsden County,Gadsden County
Florida,Hardee County,Hardee County
Florida,Hernando County,Hernando County
Florida,Hillsborough County,Hillsborough County
Florida,Indian River County,Indian River County
Florida,Jackson County,Jackson County
Florida,Lake County,Lake County
Florida,Lee County,Lee County
Florida,Levy County,Levy County
Florida,Liberty County,Liberty County
Florida,Manatee County,Manatee County
Florida,Miami-Dade County,Miami-Dade County
Florida,Nassau County,Nassau County
Florida,Okaloosa County,Okaloosa County
Florida,Orange County,Orange County
Florida,Palm Beach County,Palm Beach County
Florida,Pasco County,Pasco County
Florida,Pinellas County,Pinellas County
Florida,Polk County,Polk County
Florida,Santa Rosa County,Santa Rosa County
Florida,Sarasota County,Sarasota County
Florida,St. Johns County,St. Johns County
Florida,St. Lucie County,St. Lucie County
Florida,Volusia County,Volusia County
Florida,Wakulla County,Wakulla County
Florida,Washington County,Washington County
Georgia,Appling County,Appling County
Georgia,Banks County,Banks County
Georgia,Barrow County,Barrow County
Georgia,Bartow County,Bartow County
Georgia,Brooks County,Brooks County
Georgia,Calhoun County,Calhoun County
Georgia,Carroll County,Carroll County
Georgia,Cherokee County,Cherokee County
Georgia,Cobb County,Cobb County
Georgia,Dade County,Dade County
Georgia,Decatur County,Decatur County
Georgia,DeKalb County,DeKalb County
Georgia,Dodge County,Dodge County
Georgia,Dougherty County,Dougherty County
Georgia,Emanuel County,Emanuel County
Georgia,Evans County,Evans County
Georgia,Floyd County,Floyd County
Georgia,Franklin County,Franklin County
Georgia,Fulton County,Fulton County
Georgia,Greene County,Greene County
Georgia,Gwinnett County,Gwinnett County
Georgia,Habersham County,Habersham County
Georgia,Hall County,Hall County
Georgia,Harris County,Harris County
Georgia,Hart County,Hart County
Georgia,Henry County,Henry County
Georgia,Jackson County,Jackson County
Georgia,Jeff Davis County,Jeff Davis County
Georgia,Jenkins County,Jenkins County
Georgia,Laurens County,Laurens County
Georgia,Long County,Long County
Georgia,Lowndes County,Lowndes County
Georgia,Macon County,Macon County
Georgia,Mitchell County,Mitchell County
Georgia,Morgan County,Morgan County
Georgia,Muscogee,Muscogee County
Georgia,Newton County,Newton County
Georgia,Oconee County,Oconee County
Georgia,Peach County,Peach County
Georgia,Pierce County,Pierce County
Georgia,Pike County,Pike County
Georgia,Richmond County,Richmond County
Georgia,Screven County,Screven County
Georgia,Sumter County,Sumter County
Georgia,Taylor County,Taylor County
Georgia,Terrell County,Terrell County
Georgia,Upson County,Upson County
Georgia,Walker County,Walker County
Georgia,Washington County,Washington County
Georgia,Wilkinson County,Wilkinson County
Illinois,Adams County,Adams County
Illinois,Bond County,Bond County
Illinois,Boone County,Boone County
Illinois,Brown County,Brown County
Illinois,Bureau County,Bureau County
Illinois,Calhoun County,Calhoun County
Illinois,Carroll County,Carroll County
Illinois,Champaign County,Champaign County
Illinois,Clay County,Clay County
Illinois,Clinton County,Clinton County
Illinois,Coles County,Coles County
Illinois,Cook County,Cook County
Illinois,Crawford County,Crawford County
Illinois,Cumberland County,Cumberland County
Illinois,DuPage County,DuPage County
Illinois,Franklin County,Franklin County
Illinois,Fulton County,Fulton County
Illinois,Grundy County,Grundy County
Illinois,Hamilton County,Hamilton County
Illinois,Hancock County,Hancock County
Illinois,Hardin County,Hardin County
Illinois,Henderson County,Henderson County
Illinois,Iroquois County,Iroquois County
Illinois,Jefferson County,Jefferson County
Illinois,Johnson County,Johnson County
Illinois,Kane County,Kane County
Illinois,Kendall County,Kendall County
Illinois,Knox County,Knox County
Illinois,Lake County,Lake County
Illinois,LaSalle County,LaSalle County
Illinois,Lawrence County,Lawrence County
Illinois,Livingston County,Livingston County
Illinois,Logan County,Logan County
Illinois,Macon County,Macon County
Illinois,Macoupin County,Macoupin County
Illinois,Madison County,Madison County
Illinois,Marion County,Marion County
Illinois,Mason County,Mason County
Illinois,Massac County,Massac County
Illinois,McHenry County,McHenry County
Illinois,McLean County,McLean County
Illinois,Menard County,Menard County
Illinois,Mercer County,Mercer County
Illinois,Monroe County,Monroe County
Illinois,Montgomery County,Montgomery County
Illinois,Moultrie County,Moultrie County
Illinois,Ogle County,Ogle County
Illinois,Peoria County,Peoria County
Illinois,Perry County,Perry County
Illinois,Piatt County,Piatt County
Illinois,Pike County,Pike County
Illinois,Pulaski County,Pulaski County
Illinois,Richland County,Richland County
Illinois,Rock Island County,Rock Island County
Illinois,Sangamon County,Sangamon County
Illinois,Scott County,Scott County
Illinois,Shelby County,Shelby County
Illinois,Stephenson County,Stephenson County
Illinois,Tazewell County,Tazewell County
Illinois,Union County,Union County
Illinois,Vermilion County,Vermilion County
Illinois,Wabash County,Wabash County
Illinois,Washington County,Washington County
Illinois,Wayne County,Wayne County
Illinois,White County,White County
Illinois,Whiteside County,Whiteside County
Illinois,Will County,Will County
Illinois,Williamson County,Williamson County
Illinois,Winnebago County,Winnebago County
Illinois,Woodford County,Woodford County
Indiana,Adams County,Adams County
Indiana,Allen County,Allen County
Indiana,Bartholomew County,Bartholomew County
Indiana,Benton County,Benton County
Indiana,Boone County,Boone County
Indiana,Carroll County,Carroll County
Indiana,Clark County,Clark County
Indiana,Clinton County,Clinton County
Indiana,Crawford County,Crawford County
Indiana,DeKalb County,DeKalb County
Indiana,Elkhart County,Elkhart County
Indiana,Floyd County,Floyd County
Indiana,Franklin County,Franklin County
Indiana,Gibson County,Gibson County
Indiana,Grant County,Grant County
Indiana,Harrison County,Harrison County
Indiana,Hendricks County,Hendricks County
Indiana,Henry County,Henry County
Indiana,Jackson County,Jackson County
Indiana,Jay County,Jay County
Indiana,Johnson County,Johnson County
Indiana,Knox County,Knox County
Indiana,Kosciusko County,Kosciusko County
Indiana,Lake County,Lake County
Indiana,LaPorte County,LaPorte County
Indiana,Madison County,Madison County
Indiana,Marion County,Marion County
Indiana,Miami County,Miami County
Indiana,Monroe County,Monroe County
Indiana,Montgomery County,Montgomery County
Indiana,Morgan County,Morgan County
Indiana,Noble County,Noble County
Indiana,Parke County,Parke County
Indiana,Porter County,Porter County
Indiana,Posey County,Posey County
Indiana,Putnam County,Putnam County
Indiana,Rush County,Rush County
Indiana,Shelby County,Shelby County
Indiana,Spencer County,Spencer County
Indiana,St. Joseph County,St. Joseph County
Indiana,Steuben County,Steuben County
Indiana,Switzerland County,Switzerland County
Indiana,Tipton County,Tipton County
Indiana,Vigo County,Vigo County
Indiana,Warren County,Warren County
Indiana,Warrick County,Warrick County
Indiana,Washington County,Washington County
Indiana,Wayne County,Wayne County
Indiana,White County,White County
Indiana,Whitley County,Whitley County
Iowa,Adair County,Adair County
Iowa,Adams County,Adams County
Iowa,Appanoose County,Appanoose County
Iowa,Benton County,Benton County
Iowa,Boone County,Boone County
Iowa,Buchanan County,Buchanan County
Iowa,Butler County,Butler County
Iowa,Calhoun County,Calhoun County
Iowa,Carroll County,Carroll County
Iowa,Cass County,Cass County
Iowa,Cerro Gordo County,Cerro Gordo County
Iowa,Cherokee County,Cherokee County
Iowa,Clarke County,Clarke County
Iowa,Clay County,Clay County
Iowa,Clayton County,Clayton County
Iowa,Clinton County,Clinton County
Iowa,Crawford County,Crawford County
Iowa,Dallas County,Dallas County
Iowa,Delaware County,Delaware County
Iowa,Dubuque County,Dubuque County
Iowa,Fayette County,Fayette County
Iowa,Franklin County,Franklin County
Iowa,Greene County,Greene County
Iowa,Grundy County,Grundy County
Iowa,Guthrie County,Guthrie County
Iowa,Hardin County,Hardin County
Iowa,Harrison County,Harrison County
Iowa,Henry County,Henry County
Iowa,Humboldt County,Humboldt County
Iowa,Ida County,Ida County
Iowa,Iowa County,Iowa County
Iowa,Jackson County,Jackson County
Iowa,Jasper County,Jasper County
Iowa,Jefferson County,Jefferson County
Iowa,Johnson County,Johnson County
Iowa,Keokuk County,Keokuk County
Iowa,Linn County,Linn County
Iowa,Louisa County,Louisa County
Iowa,Lyon County,Lyon County
Iowa,Madison County,Madison County
Iowa,Mahaska County,Mahaska County
Iowa,Marion County,Marion County
Iowa,Marshall County,Marshall County
Iowa,Mitchell County,Mitchell County
Iowa,Monona County,Monona County
Iowa,Muscatine County,Muscatine County
Iowa,O'Brien County,OBrien County
Iowa,Osceola County,Osceola County
Iowa,Palo Alto County,Palo Alto County
Iowa,Pocahontas County,Pocahontas County
Iowa,Pottawattamie County,Pottawattamie County
Iowa,Poweshiek County,Poweshiek County
Iowa,Ringgold County,Ringgold County
Iowa,Scott County,Scott County
Iowa,Shelby County,Shelby County
Iowa,Sioux County,Sioux County
Iowa,Story County,Story County
Iowa,Tama County,Tama County
Iowa,Union County,Union County
Iowa,Warren County,Warren County
Iowa,Washington County,Washington County
Iowa,Webster County,Webster County
Iowa,Winneshiek County,Winneshiek County
Iowa,Woodbury County,Woodbury County
Iowa,Worth County,Worth County
Kentucky,Adair County,Adair County
Kentucky,Ballard County,Ballard County
Kentucky,Barren County,Barren County
Kentucky,Bath County,Bath County
Kentucky,Boone County,Boone County
Kentucky,Boyle County,Boyle County
Kentucky,Bracken County,Bracken County
Kentucky,Breathitt County,Breathitt County
Kentucky,Campbell County,Campbell County
Kentucky,Carlisle County,Carlisle County
Kentucky,Carroll County,Carroll County
Kentucky,Crittenden County,Crittenden County
Kentucky,Floyd County,Floyd County
Kentucky,Fulton County,Fulton County
Kentucky,Graves County,Graves County
Kentucky,Hardin County,Hardin County
Kentucky,Harlan County,Harlan County
Kentucky,Hart County,Hart County
Kentucky,Henderson County,Henderson County
Kentucky,Hopkins County,Hopkins County
Kentucky,Jefferson County,Jefferson County
Kentucky,Jessamine County,Jessamine County
Kentucky,Kenton County,Kenton County
Kentucky,Knott County,Knott County
Kentucky,Knox County,Knox County
Kentucky,Letcher County,Letcher County
Kentucky,Lewis County,Lewis County
Kentucky,Livingston County,Livingston County
Kentucky,Logan County,Logan County
Kentucky,Marion County,Marion County
Kentucky,Meade County,Meade County
Kentucky,Muhlenberg County,Muhlenberg County
Kentucky,Nelson County,Nelson County
Kentucky,Ohio County,Ohio County
Kentucky,Pike County,Pike County
Kentucky,Robertson County,Robertson County
Kentucky,Rockcastle County,Rockcastle County
Kentucky,Scott County,Scott County
Kentucky,Taylor County,Taylor County
Kentucky,Todd County,Todd County
Kentucky,Warren County,Warren County
Kentucky,Washington County,Washington County
Louisiana,Acadia Parish,Acadia Parish
Louisiana,Allen Parish,Allen Parish
Louisiana,Avoyelles Parish,Avoyelles Parish
Louisiana,Bienville Parish,Bienville Parish
Louisiana,Calcasieu Parish,Calcasieu Parish
Louisiana,Catahoula Parish,Catahoula Parish
Louisiana,De Soto Parish,De Soto Parish
Louisiana,East Baton Rouge Parish,East Baton Rouge Parish
Louisiana,Evangeline Parish,Evangeline Parish
Louisiana,Iberville Parish,Iberville Parish
Louisiana,Jefferson Parish,Jefferson Parish
Louisiana,Lafourche Parish,Lafourche Parish
Louisiana,LaSalle Parish,LaSalle Parish
Louisiana,Lincoln Parish,Lincoln Parish
Louisiana,Livingston Parish,Livingston Parish
Louisiana,Ouachita Parish,Ouachita Parish
Louisiana,Plaquemines Parish,Plaquemines Parish
Louisiana,Pointe Coupee Parish,Pointe Coupee Parish
Louisiana,Rapides Parish,Rapides Parish
Louisiana,Red River Parish,Red River Parish
Louisiana,St. Charles Parish,St. Charles Parish
Louisiana,St. James Parish,St. James Parish
Louisiana,St. Martin Parish,St. Martin Parish
Louisiana,St. Mary Parish,St. Mary Parish
Louisiana,St. Tammany Parish,St. Tammany Parish
Louisiana,Tangipahoa Parish,Tangipahoa Parish
Louisiana,Terrebonne Parish,Terrebonne Parish
Louisiana,Union Parish,Union Parish
Louisiana,Vernon Parish,Vernon Parish
Louisiana,Washington Parish,Washington Parish
Maine,Androscoggin County,Androscoggin County
Maine,Aroostook County,Aroostook County
Maine,Cumberland County,Cumberland County
Maine,Hancock County,Hancock County
Maine,Kennebec County,Kennebec County
Maine,Lincoln County,Lincoln County
Maine,Oxford County,Oxford County
Maine,Penobscot County,Penobscot County
Maryland,Allegany County,Allegany County
Maryland,Anne Arundel County,Anne Arundel County
Maryland,Baltimore County,Baltimore County
Maryland,Calvert County,Calvert County
Maryland,Caroline County,Caroline County
Maryland,Dorchester County,Dorchester County
Maryland,Frederick County,Frederick County
Maryland,Garrett County,Garrett County
Maryland,Harford County,Harford County
Maryland,Howard County,Howard County
Maryland,Montgomery County,Montgomery County
Maryland,Prince George's County,Prince Georges County
Maryland,Talbot County,Talbot County
Maryland,Washington County,Washington County
Maryland,Wicomico County,Wicomico County
Maryland,Worcester County,Worcester County
Massachusetts,Barnstable County,Barnstable County
Massachusetts,Berkshire County,Berkshire County
Massachusetts,Bristol County,Bristol County
Massachusetts,Essex County,Essex County
Massachusetts,Hampden County,Hampden County
Massachusetts,Middlesex County,Middlesex County
Massachusetts,Nantucket County,Nantucket County
Massachusetts,Norfolk County,Norfolk County
Massachusetts,Plymouth County,Plymouth County
Massachusetts,Worcester County,Worcester County
Michigan,Alcona County,Alcona County
Michigan,Alpena County,Alpena County
Michigan,Antrim County,Antrim County
Michigan,Barry County,Barry County
Michigan,Bay County,Bay County
Michigan,Benzie County,Benzie County
Michigan,Berrien County,Berrien County
Michigan,Branch County,Branch County
Michigan,Charlevoix County,Charlevoix County
Michigan,Clinton County,Clinton County
Michigan,Eaton County,Eaton County
Michigan,Emmet County,Emmet County
Michigan,Houghton County,Houghton County
Michigan,Huron County,Huron County
Michigan,Iosco County,Iosco County
Michigan,Isabella County,Isabella County
Michigan,Kalamazoo County,Kalamazoo County
Michigan,Kalkaska County,Kalkaska County
Michigan,Kent County,Kent County
Michigan,Livingston County,Livingston County
Michigan,Luce County,Luce County
Michigan,Macomb County,Macomb County
Michigan,Marquette County,Marquette County
Michigan,Mason County,Mason County
Michigan,Menominee County,Menominee County
Michigan,Monroe County,Monroe County
Michigan,Montmorency County,Montmorency County
Michigan,Muskegon County,Muskegon County
Michigan,Oakland County,Oakland County
Michigan,Ogemaw County,Ogemaw County
Michigan,Ontonagon County,Ontonagon County
Michigan,Osceola County,Osceola County
Michigan,Otsego County,Otsego County
Michigan,Presque Isle County,Presque Isle County
Michigan,Roscommon County,Roscommon County
Michigan,Saginaw County,Saginaw County
Michigan,Shiawassee County,Shiawassee County
Michigan,St. Clair County,St. Clair County
Michigan,St. Joseph County,St. Joseph County
Michigan,Tuscola County,Tuscola County
Michigan,Van Buren County,Van Buren County
Michigan,Washtenaw County,Washtenaw County
Michigan,Wayne County,Wayne County
Michigan,Wexford County,Wexford County
Mississippi,Adams County,Adams County
Mississippi,Attala County,Attala County
Mississippi,Benton County,Benton County
Mississippi,Bolivar County,Bolivar County
Mississippi,Calhoun County,Calhoun County
Mississippi,Choctaw County,Choctaw County
Mississippi,George County,George County
Mississippi,Greene County,Greene County
Mississippi,Harrison County,Harrison County
Mississippi,Holmes County,Holmes County
Mississippi,Jackson County,Jackson County
Mississippi,Lauderdale County,Lauderdale County
Mississippi,Lawrence County,Lawrence County
Mississippi,Lowndes County,Lowndes County
Mississippi,Monroe County,Monroe County
Mississippi,Montgomery County,Montgomery County
Mississippi,Oktibbeha County,Oktibbeha County
Mississippi,Perry County,Perry County
Mississippi,Quitman County,Quitman County
Mississippi,Rankin County,Rankin County
Mississippi,Simpson County,Simpson County
Mississippi,Smith County,Smith County
Mississippi,Sunflower County,Sunflower County
Mississippi,Tishomingo County,Tishomingo County
Mississippi,Tunica County,Tunica County
Mississippi,Washington County,Washington County
Mississippi,Wayne County,Wayne County
Mississippi,Yazoo County,Yazoo County
Missouri,Adair County,Adair County
Missouri,Audrain County,Audrain County
Missouri,Benton County,Benton County
Missouri,Boone County,Boone County
Missouri,Buchanan County,Buchanan County
Missouri,Caldwell County,Caldwell County
Missouri,Camden County,Camden County
Missouri,Carroll County,Carroll County
Missouri,Cass County,Cass County
Missouri,Christian County,Christian County
Missouri,Clark County,Clark County
Missouri,Clay County,Clay County
Missouri,Clinton County,Clinton County
Missouri,Crawford County,Crawford County
Missouri,Dade County,Dade County
Missouri,Daviess County,Daviess County
Missouri,DeKalb County,DeKalb County
Missouri,Dunklin County,Dunklin County
Missouri,Franklin County,Franklin County
Missouri,Gasconade County,Gasconade County
Missouri,Greene County,Greene County
Missouri,Henry County,Henry County
Missouri,Jackson County,Jackson County
Missouri,Jasper County,Jasper County
Missouri,Johnson County,Johnson County
Missouri,Lafayette County,Lafayette County
Missouri,Lawrence County,Lawrence County
Missouri,Lewis County,Lewis County
Missouri,Linn County,Linn County
Missouri,Maries County,Maries County
Missouri,Marion County,Marion County
Missouri,McDonald County,McDonald County
Missouri,Mercer County,Mercer County
Missouri,Miller County,Miller County
Missouri,Mississippi County,Mississippi County
Missouri,Moniteau County,Moniteau County
Missouri,Morgan County,Morgan County
Missouri,New Madrid County,New Madrid County
Missouri,Newton County,Newton County
Missouri,Nodaway County,Nodaway County
Missouri,Osage County,Osage County
Missouri,Ozark County,Ozark County
Missouri,Pike County,Pike County
Missouri,Platte County,Platte County
Missouri,Polk County,Polk County
Missouri,Pulaski County,Pulaski County
Missouri,Ralls County,Ralls County
Missouri,Ray County,Ray County
Missouri,Reynolds County,Reynolds County
Missouri,Saline County,Saline County
Missouri,Schuyler County,Schuyler County
Missouri,Scott County,Scott County
Missouri,Shannon County,Shannon County
Missouri,Shelby County,Shelby County
Missouri,St. Charles County,St. Charles County
Missouri,St. Francois County,St. Francois County
Missouri,St. Louis County,St. Louis County
Missouri,Ste. Genevieve County,Ste. Genevieve County
Missouri,Stoddard County,Stoddard County
Missouri,Stone County,Stone County
Missouri,Sullivan County,Sullivan County
Missouri,Taney County,Taney County
Missouri,Vernon County,Vernon County
Missouri,Warren County,Warren County
Missouri,Washington County,Washington County
Missouri,Worth County,Worth County
Missouri,Wright County,Wright County
New Hampshire,Belknap County,Belknap County
New Hampshire,Carroll County,Carroll County
New Hampshire,Grafton County,Grafton County
New Hampshire,Merrimack County,Merrimack County
New Hampshire,Strafford County,Strafford County
New Jersey,Atlantic County,Atlantic County
New Jersey,Bergen County,Bergen County
New Jersey,Burlington County,Burlington County
New Jersey,Camden County,Camden County
New Jersey,Cape May County,Cape May County
New Jersey,Cumberland County,Cumberland County
New Jersey,Gloucester County,Gloucester County
New Jersey,Middlesex County,Middlesex County
New Jersey,Monmouth County,Monmouth County
New Jersey,Morris County,Morris County
New Jersey,Ocean County,Ocean County
New Jersey,Salem County,Salem County
New Jersey,Somerset County,Somerset County
New Jersey,Sussex County,Sussex County
New Jersey,Union County,Union County
New Jersey,Warren County,Warren County
New York,Albany County,Albany County
New York,Allegany County,Allegany County
New York,Broome County,Broome County
New York,Chautauqua County,Chautauqua County
New York,Chemung County,Chemung County
New York,Chenango County,Chenango County
New York,Clinton County,Clinton County
New York,Dutchess County,Dutchess County
New York,Erie County,Erie County
New York,Essex County,Essex County
New York,Fulton County,Fulton County
New York,Genesee County,Genesee County
New York,Greene County,Greene County
New York,Jefferson County,Jefferson County
New York,Lewis County,Lewis County
New York,Livingston County,Livingston County
New York,Madison County,Madison County
New York,Monroe County,Monroe County
New York,Montgomery County,Montgomery County
New York,Nassau County,Nassau County
New York,Niagara County,Niagara County
New York,Oneida County,Oneida County
New York,Onondaga County,Onondaga County
New York,Ontario County,Ontario County
New York,Orange County,Orange County
New York,Oswego County,Oswego County
New York,Otsego County,Otsego County
New York,Putnam County,Putnam County
New York,Rensselaer County,Rensselaer County
New York,Rockland County,Rockland County
New York,Schenectady County,Schenectady County
New York,Schoharie County,Schoharie County
New York,Seneca County,Seneca County
New York,St. Lawrence County,St. Lawrence County
New York,Steuben County,Steuben County
New York,Suffolk County,Suffolk County
New York,Sullivan County,Sullivan County
New York,Tioga County,Tioga County
New York,Tompkins County,Tompkins County
New York,Ulster County,Ulster County
New York,Washington County,Washington County
New York,Wayne County,Wayne County
New York,Westchester County,Westchester County
North Carolina,Alamance County,Alamance County
North Carolina,Anson County,Anson County
North Carolina,Avery County,Avery County
North Carolina,Beaufort County,Beaufort County
North Carolina,Bladen County,Bladen County
North Carolina,Brunswick County,Brunswick County
North Carolina,Burke County,Burke County
North Carolina,Caldwell County,Caldwell County
North Carolina,Camden County,Camden County
North Carolina,Carteret County,Carteret County
North Carolina,Catawba County,Catawba County
North Carolina,Chatham County,Chatham County
North Carolina,Cleveland County,Cleveland County
North Carolina,Columbus County,Columbus County
North Carolina,Cumberland County,Cumberland County
North Carolina,Dare County,Dare County
North Carolina,Davidson County,Davidson County
North Carolina,Davie County,Davie County
North Carolina,Duplin County,Duplin County
North Carolina,Forsyth County,Forsyth County
North Carolina,Guilford County,Guilford County
North Carolina,Harnett County,Harnett County
North Carolina,Henderson County,Henderson County
North Carolina,Johnston County,Johnston County
North Carolina,Lee County,Lee County
North Carolina,Lenoir County,Lenoir County
North Carolina,Macon County,Macon County
North Carolina,Madison County,Madison County
North Carolina,McDowell County,McDowell County
North Carolina,Montgomery County,Montgomery County
North Carolina,Nash County,Nash County
North Carolina,Northampton County,Northampton County
North Carolina,Onslow County,Onslow County
North Carolina,Pamlico County,Pamlico County
North Carolina,Perquimans County,Perquimans County
North Carolina,Polk County,Polk County
North Carolina,Robeson County,Robeson County
North Carolina,Rockingham County,Rockingham County
North Carolina,Rowan County,Rowan County
North Carolina,Sampson County,Sampson County
North Carolina,Stanly County,Stanly County
North Carolina,Stokes County,Stokes County
North Carolina,Surry County,Surry County
North Carolina,Transylvania County,Transylvania County
North Carolina,Union County,Union County
North Carolina,Wake County,Wake County
North Carolina,Wilkes County,Wilkes County
North Carolina,Wilson County,Wilson County
North Carolina,Yadkin County,Yadkin County
Ohio,Adams County,Adams County
Ohio,Allen County,Allen County
Ohio,Ashland County,Ashland County
Ohio,Ashtabula County,Ashtabula County
Ohio,Athens County,Athens County
Ohio,Auglaize County,Auglaize County
Ohio,Belmont County,Belmont County
Ohio,Butler County,Butler County
Ohio,Carroll County,Carroll County
Ohio,Clermont County,Clermont County
Ohio,Clinton County,Clinton County
Ohio,Columbiana County,Columbiana County
Ohio,Coshocton County,Coshocton County
Ohio,Crawford County,Crawford County
Ohio,Cuyahoga County,Cuyahoga County
Ohio,Darke County,Darke County
Ohio,Delaware County,Delaware County
Ohio,Fayette County,Fayette County
Ohio,Franklin County,Franklin County
Ohio,Gallia County,Gallia County
Ohio,Geauga County,Geauga County
Ohio,Hamilton County,Hamilton County
Ohio,Hancock County,Hancock County
Ohio,Hardin County,Hardin County
Ohio,Henry County,Henry County
Ohio,Highland County,Highland County
Ohio,Hocking County,Hocking County
Ohio,Holmes County,Holmes County
Ohio,Huron County,Huron County
Ohio,Jefferson County,Jefferson County
Ohio,Knox County,Knox County
Ohio,Lake County,Lake County
Ohio,Lawrence County,Lawrence County
Ohio,Licking County,Licking County
Ohio,Logan County,Logan County
Ohio,Lorain County,Lorain County
Ohio,Lucas County,Lucas County
Ohio,Madison County,Madison County
Ohio,Mahoning County,Mahoning County
Ohio,Marion County,Marion County
Ohio,Meigs County,Meigs County
Ohio,Miami County,Miami County
Ohio,Monroe County,Monroe County
Ohio,Montgomery County,Montgomery County
Ohio,Muskingum County,Muskingum County
Ohio,Perry County,Perry County
Ohio,Pickaway County,Pickaway County
Ohio,Pike County,Pike County
Ohio,Portage County,Portage County
Ohio,Preble County,Preble County
Ohio,Putnam County,Putnam County
Ohio,Ross County,Ross County
Ohio,Sandusky County,Sandusky County
Ohio,Scioto County,Scioto County
Ohio,Seneca County,Seneca County
Ohio,Stark County,Stark County
Ohio,Summit County,Summit County
Ohio,Tuscarawas County,Tuscarawas County
Ohio,Union County,Union County
Ohio,Washington County,Washington County
Ohio,Wayne County,Wayne County
Ohio,Williams County,Williams County
Ohio,Wood County,Wood County
Ohio,Wyandot County,Wyandot County
Pennsylvania,Adams County,Adams County
Pennsylvania,Allegheny County,Allegheny County
Pennsylvania,Armstrong County,Armstrong County
Pennsylvania,Beaver County,Beaver County
Pennsylvania,Bedford County,Bedford County
Pennsylvania,Berks County,Berks County
Pennsylvania,Blair County,Blair County
Pennsylvania,Bradford County,Bradford County
Pennsylvania,Bucks County,Bucks County
Pennsylvania,Butler County,Butler County
Pennsylvania,Cambria County,Cambria County
Pennsylvania,Cameron County,Cameron County
Pennsylvania,Carbon County,Carbon County
Pennsylvania,Centre County,Centre County
Pennsylvania,Chester County,Chester County
Pennsylvania,Clarion County,Clarion County
Pennsylvania,Clearfield County,Clearfield County
Pennsylvania,Columbia County,Columbia County
Pennsylvania,Crawford County,Crawford County
Pennsylvania,Cumberland County,Cumberland County
Pennsylvania,Dauphin County,Dauphin County
Pennsylvania,Delaware County,Delaware County
Pennsylvania,Erie County,Erie County
Pennsylvania,Fayette County,Fayette County
Pennsylvania,Franklin County,Franklin County
Pennsylvania,Greene County,Greene County
Pennsylvania,Huntingdon County,Huntingdon County
Pennsylvania,Indiana County,Indiana County
Pennsylvania,Lackawanna County,Lackawanna County
Pennsylvania,Lancaster County,Lancaster County
Pennsylvania,Lawrence County,Lawrence County
Pennsylvania,Lebanon County,Lebanon County
Pennsylvania,Lehigh County,Lehigh County
Pennsylvania,Luzerne County,Luzerne County
Pennsylvania,Lycoming County,Lycoming County
Pennsylvania,Mercer County,Mercer County
Pennsylvania,Mifflin County,Mifflin County
Pennsylvania,Montgomery County,Montgomery County
Pennsylvania,Northampton County,Northampton County
Pennsylvania,Northumberland County,Northumberland County
Pennsylvania,Perry County,Perry County
Pennsylvania,Pike County,Pike County
Pennsylvania,Schuylkill County,Schuylkill County
Pennsylvania,Snyder County,Snyder County
Pennsylvania,Somerset County,Somerset County
Pennsylvania,Susquehanna County,Susquehanna County
Pennsylvania,Tioga County,Tioga County
Pennsylvania,Union County,Union County
Pennsylvania,Venango County,Venango County
Pennsylvania,Warren County,Warren County
Pennsylvania,Washington County,Washington County
Pennsylvania,Westmoreland County,Westmoreland County
Pennsylvania,York County,York County
Rhode Island,Kent County,Kent County
Rhode Island,Providence County,Providence County
Rhode Island,Washington County,Washington County
South Carolina,Abbeville County,Abbeville County
South Carolina,Aiken County,Aiken County
South Carolina,Anderson County,Anderson County
South Carolina,Beaufort County,Beaufort County
South Carolina,Charleston County,Charleston County
South Carolina,Cherokee County,Cherokee County
South Carolina,Chesterfield County,Chesterfield County
South Carolina,Colleton County,Colleton County
South Carolina,Darlington County,Darlington County
South Carolina,Dorchester County,Dorchester County
South Carolina,Fairfield County,Fairfield County
South Carolina,Greenville County,Greenville County
South Carolina,Greenwood County,Greenwood County
South Carolina,Hampton County,Hampton County
South Carolina,Horry County,Horry County
South Carolina,Lancaster County,Lancaster County
South Carolina,Marion County,Marion County
South Carolina,Oconee County,Oconee County
South Carolina,Orangeburg County,Orangeburg County
South Carolina,Pickens County,Pickens County
South Carolina,Richland County,Richland County
South Carolina,Sumter County,Sumter County
South Carolina,Union County,Union County
South Carolina,York County,York County
Tennessee,Anderson County,Anderson County
Tennessee,Benton County,Benton County
Tennessee,Carter County,Carter County
Tennessee,Cheatham County,Cheatham County
Tennessee,Chester County,Chester County
Tennessee,Crockett County,Crockett County
Tennessee,Cumberland County,Cumberland County
Tennessee,Davidson County,Davidson County
Tennessee,DeKalb County,DeKalb County
Tennessee,Fentress County,Fentress County
Tennessee,Franklin County,Franklin County
Tennessee,Gibson County,Gibson County
Tennessee,Giles County,Giles County
Tennessee,Hamilton County,Hamilton County
Tennessee,Hardeman County,Hardeman County
Tennessee,Hardin County,Hardin County
Tennessee,Henry County,Henry County
Tennessee,Jefferson County,Jefferson County
Tennessee,Lawrence County,Lawrence County
Tennessee,Lewis County,Lewis County
Tennessee,Loudon County,Loudon County
Tennessee,Macon County,Macon County
Tennessee,Marion County,Marion County
Tennessee,Monroe County,Monroe County
Tennessee,Morgan County,Morgan County
Tennessee,Obion County,Obion County
Tennessee,Polk County,Polk County
Tennessee,Rhea County,Rhea County
Tennessee,Robertson County,Robertson County
Tennessee,Scott County,Scott County
Tennessee,Sevier County,Sevier County
Tennessee,Shelby County,Shelby County
Tennessee,Tipton County,Tipton County
Tennessee,Unicoi County,Unicoi County
Tennessee,Van Buren County,Van Buren County
Tennessee,Warren County,Warren County
Tennessee,Washington County,Washington County
Tennessee,Weakley County,Weakley County
Tennessee,Williamson County,Williamson County
Tennessee,Wilson County,Wilson County
Vermont,Addison County,Addison County
Vermont,Caledonia County,Caledonia County
Vermont,Chittenden County,Chittenden County
Vermont,Lamoille County,Lamoille County
Vermont,Rutland County,Rutland County
Vermont,Washington County,Washington County
Vermont,Windham County,Windham County
Vermont,Windsor County,Windsor County
Virginia,Accomack County,Accomack County
Virginia,Albemarle County,Albemarle County
Virginia,Amelia County,Amelia County
Virginia,Bedford County,Bedford City and County
Virginia,Botetourt County,Botetourt County
Virginia,Brunswick County,Brunswick County
Virginia,Carroll County,Carroll County
Virginia,Clarke County,Clarke County
Virginia,Craig County,Craig County
Virginia,Cumberland County,Cumberland County
Virginia,Fairfax County,Fairfax County
Virginia,Fauquier County,Fauquier County
Virginia,Frederick County,Frederick County
Virginia,Grayson County,Grayson County
Virginia,Greensville County,Greensville County
Virginia,Halifax County,Halifax County
Virginia,Henrico County,Henrico County
Virginia,Isle of Wight County,Isle of Wight County
Virginia,King and Queen County,King and Queen County
Virginia,Lee County,Lee County
Virginia,Loudoun County,Loudoun County
Virginia,Manassas,Manassas City
Virginia,Mathews County,Mathews County
Virginia,Northampton County,Northampton County
Virginia,Page County,Page County
Virginia,Prince Edward County,Prince Edward County
Virginia,Prince William County,Prince William County
Virginia,Pulaski County,Pulaski County
Virginia,Richmond,Richmond City
Virginia,Scott County,Scott County
Virginia,Shenandoah County,Shenandoah County
Virginia,Smyth County,Smyth County
Virginia,Stafford County,Stafford County
Virginia,Surry County,Surry County
Virginia,Sussex County,Sussex County
Virginia,Waynesboro,Waynesboro City
Virginia,Winchester,Winchester
Washington,Adams County,Adams County
Washington,Clallam County,Clallam County
Washington,Douglas County,Douglas County
Washington,Ferry County,Ferry County
Washington,Franklin County,Franklin County
Washington,Grant County,Grant County
Washington,Grays Harbor County,Grays Harbor County
Washington,Island County,Island County
Washington,Jefferson County,Jefferson County
Washington,King County,King County
Washington,Kitsap County,Kitsap County
Washington,Kittitas County,Kittitas County
Washington,Lewis County,Lewis County
Washington,Mason County,Mason County
Washington,Okanogan County,Okanogan County
Washington,Pacific County,Pacific County
Washington,Pierce County,Pierce County
Washington,Skagit County,Skagit County
Washington,Snohomish County,Snohomish County
Washington,Spokane County,Spokane County
Washington,Walla Walla County,Walla Walla County
Washington,Whatcom County,Whatcom County
Washington,Yakima County,Yakima County
West Virginia,Barbour County,Barbour County
West Virginia,Boone County,Boone County
West Virginia,Braxton County,Braxton County
West Virginia,Fayette County,Fayette County
West Virginia,Hampshire County,Hampshire County
West Virginia,Harrison County,Harrison County
West Virginia,Jefferson County,Jefferson County
West Virginia,Kanawha County,Kanawha County
West Virginia,Lincoln County,Lincoln County
West Virginia,Logan County,Logan County
West Virginia,McDowell County,McDowell County
West Virginia,Mercer County,Mercer County
West Virginia,Mineral County,Mineral County
West Virginia,Nicholas County,Nicholas County
West Virginia,Ohio County,Ohio County
West Virginia,Preston County,Preston County
West Virginia,Raleigh County,Raleigh County
West Virginia,Randolph County,Randolph County
West Virginia,Ritchie County,Ritchie County
West Virginia,Wayne County,Wayne County
West Virginia,Wood County,Wood County
West Virginia,Wyoming County,Wyoming County
Wisconsin,Adams County,Adams County
Wisconsin,Bayfield County,Bayfield County
Wisconsin,Brown County,Brown County
Wisconsin,Buffalo County,Buffalo County
Wisconsin,Calumet County,Calumet County
Wisconsin,Chippewa County,Chippewa County
Wisconsin,Columbia County,Columbia County
Wisconsin,Crawford County,Crawford County
Wisconsin,Dane County,Dane County
Wisconsin,Dodge County,Dodge County
Wisconsin,Door County,Door County
Wisconsin,Douglas County,Douglas County
Wisconsin,Dunn County,Dunn County
Wisconsin,Fond du Lac County,Fond du Lac County
Wisconsin,Grant County,Grant County
Wisconsin,Green County,Green County
Wisconsin,Green Lake County,Green Lake County
Wisconsin,Iowa County,Iowa County
Wisconsin,Jackson County,Jackson County
Wisconsin,Jefferson County,Jefferson County
Wisconsin,Juneau County,Juneau County
Wisconsin,Kenosha County,Kenosha County
Wisconsin,Lafayette County,Lafayette County
Wisconsin,Manitowoc County,Manitowoc County
Wisconsin,Marathon County,Marathon County
Wisconsin,Marinette County,Marinette County
Wisconsin,Marquette County,Marquette County
Wisconsin,Menominee County,Menominee County
Wisconsin,Milwaukee County,Milwaukee County
Wisconsin,Monroe County,Monroe County
Wisconsin,Oconto County,Oconto County
Wisconsin,Outagamie County,Outagamie County
Wisconsin,Ozaukee County,Ozaukee County
Wisconsin,Pepin County,Pepin County
Wisconsin,Portage County,Portage County
Wisconsin,Racine County,Racine County
Wisconsin,Rock County,Rock County
Wisconsin,Sauk County,Sauk County
Wisconsin,Sawyer County,Sawyer County
Wisconsin,Shawano County,Shawano County
Wisconsin,Sheboygan County,Sheboygan County
Wisconsin,Taylor County,Taylor County
Wisconsin,Trempealeau County,Trempealeau County
Wisconsin,Vernon County,Vernon County
Wisconsin,Walworth County,Walworth County
Wisconsin,Washburn County,Washburn County
Wisconsin,Washington County,Washington County
Wisconsin,Waukesha County,Waukesha County
Wisconsin,Winnebago County,Winnebago County
Wisconsin,Wood County,Wood County
