Area,County,CancerType,Sex,AgeAdjustedRate,CaseCount,Population
Tennessee,Trousdale County,Female Breast,Female,81,22,20360
Tennessee,Bledsoe County,Female Breast,Female,84.3,35,29739
Tennessee,Decatur County,Female Breast,Female,85.5,40,29519
Tennessee,Van Buren County,Female Breast,Female,85.6,20,14147
Tennessee,Lewis County,Female Breast,Female,85.2,36,30495
Tennessee,Henderson County,Female Breast,Female,91.7,87,72011
Tennessee,Carroll County,Female Breast,Female,97.6,104,72664
Tennessee,Jackson County,Female Breast,Female,99.2,44,28828
Tennessee,Chester County,Female Breast,Female,94.6,49,44342
Tennessee,Union County,Female Breast,Female,99,63,48175
Tennessee,Wayne County,Female Breast,Female,92.9,53,37626
Tennessee,Meigs County,Female Breast,Female,95.6,40,29398
Tennessee,Lauderdale County,Female Breast,Female,98.5,81,64847
Tennessee,Monroe County,Female Breast,Female,96,157,114598
Tennessee,Grainger County,Female Breast,Female,103.6,85,56946
Tennessee,Humphreys County,Female Breast,Female,106.9,70,46166
Tennessee,Tipton County,Female Breast,Female,103.9,184,155886
Tennessee,Weakley County,Female Breast,Female,107.5,122,86994
Tennessee,Smith County,Female Breast,Female,100.8,63,48373
Tennessee,Pickett County,Female Breast,Female,101.8,18,12710
Tennessee,Lincoln County,Female Breast,Female,101.9,119,85442
Tennessee,McMinn County,Female Breast,Female,106.5,198,134520
Tennessee,Macon County,Female Breast,Female,105.5,76,58829
Tennessee,Polk County,Female Breast,Female,107.1,61,42012
Tennessee,McNairy County,Female Breast,Female,99.9,98,66157
Tennessee,Overton County,Female Breast,Female,107.4,85,55872
Tennessee,Perry County,Female Breast,Female,100.3,25,19444
Tennessee,Giles County,Female Breast,Female,103.6,114,74367
Tennessee,Hardin County,Female Breast,Female,105,102,66388
Tennessee,Hawkins County,Female Breast,Female,104.9,214,143808
Tennessee,Sequatchie County,Female Breast,Female,122,65,36992
Tennessee,Hickman County,Female Breast,Female,117.8,88,57935
Tennessee,Fentress County,Female Breast,Female,116.3,78,45618
Tennessee,Cocke County,Female Breast,Female,108.9,135,91067
Tennessee,DeKalb County,Female Breast,Female,110.4,78,48362
Tennessee,Bedford County,Female Breast,Female,115.8,161,117587
Tennessee,Coffee County,Female Breast,Female,115.2,202,137545
Tennessee,Blount County,Female Breast,Female,122.7,530,324132
Tennessee,Crockett County,Female Breast,Female,122.6,61,38161
Tennessee,Johnson County,Female Breast,Female,108.4,62,41495
Tennessee,Scott County,Female Breast,Female,125.7,83,55779
Tennessee,Shelby County,Female Breast,Female,128.8,3432,2454672
Tennessee,Sevier County,Female Breast,Female,133,444,240760
Tennessee,Knox County,Female Breast,Female,129.3,1756,1151304
Tennessee,Houston County,Female Breast,Female,129.2,37,20904
Tennessee,Anderson County,Female Breast,Female,135.7,367,193822
Tennessee,Davidson County,Female Breast,Female,126.7,2269,1733980
Tennessee,Claiborne County,Female Breast,Female,133.6,141,80889
Tennessee,Clay County,Female Breast,Female,124,35,19509
Tennessee,Cumberland County,Female Breast,Female,116,284,148161
Tennessee,Benton County,Female Breast,Female,118.5,72,41266
Tennessee,Dyer County,Female Breast,Female,121.1,143,98076
Tennessee,Fayette County,Female Breast,Female,120.6,170,98891
Tennessee,Campbell County,Female Breast,Female,113.8,171,102321
Tennessee,Cannon County,Female Breast,Female,111.8,52,34681
Tennessee,Dickson County,Female Breast,Female,129.3,201,129224
Tennessee,Jefferson County,Female Breast,Female,125.3,223,133567
Tennessee,Cheatham County,Female Breast,Female,138.9,167,99170
Tennessee,Bradley County,Female Breast,Female,113,367,263811
Tennessee,Carter County,Female Breast,Female,115.8,233,144492
Tennessee,Unicoi County,Female Breast,Female,121.4,80,45593
Tennessee,Sumner County,Female Breast,Female,123.7,657,439993
Tennessee,Washington County,Female Breast,Female,125.5,497,321634
Tennessee,Warren County,Female Breast,Female,116.5,152,101592
Tennessee,Stewart County,Female Breast,Female,125.2,56,33137
Tennessee,Sullivan County,Female Breast,Female,125.4,735,402716
Tennessee,Wilson County,Female Breast,Female,120.6,467,319612
Tennessee,Williamson County,Female Breast,Female,151.2,888,524812
Tennessee,White County,Female Breast,Female,120.4,110,67033
Tennessee,Rhea County,Female Breast,Female,123,129,82366
Tennessee,Loudon County,Female Breast,Female,136,276,128951
Tennessee,Marshall County,Female Breast,Female,129.3,126,79836
Tennessee,Madison County,Female Breast,Female,119.3,365,258264
Tennessee,Montgomery County,Female Breast,Female,114.8,473,473474
Tennessee,Moore County,Female Breast,Female,122.3,28,15882
Tennessee,Maury County,Female Breast,Female,125.9,345,221772
Tennessee,Lawrence County,Female Breast,Female,112,155,108202
Tennessee,Marion County,Female Breast,Female,124.4,126,72217
Tennessee,Putnam County,Female Breast,Female,131.6,302,188400
Tennessee,Lake County,Female Breast,Female,119.9,24,13824
Tennessee,Roane County,Female Breast,Female,135.2,269,135305
Tennessee,Morgan County,Female Breast,Female,143.5,91,48952
Tennessee,Robertson County,Female Breast,Female,132.4,271,172360
Tennessee,Rutherford County,Female Breast,Female,129.6,905,734820
Tennessee,Obion County,Female Breast,Female,129.3,142,79541
Tennessee,Gibson County,Female Breast,Female,123.5,200,128703
Tennessee,Hamilton County,Female Breast,Female,116.5,1344,909957
Tennessee,Greene County,Female Breast,Female,112.8,282,174068
Tennessee,Hancock County,Female Breast,Female,124.4,32,16701
Tennessee,Haywood County,Female Breast,Female,134.5,80,48108
Tennessee,Franklin County,Female Breast,Female,116.6,167,105597
Tennessee,Grundy County,Female Breast,Female,131,63,33835
Tennessee,Hamblen County,Female Breast,Female,115.9,254,161769
Tennessee,Hardeman County,Female Breast,Female,122.7,97,59141
Tennessee,Henry County,Female Breast,Female,113.2,149,83241
Alabama,Washington County,Female Breast,Female,76.3,45,43020
Alabama,Coosa County,Female Breast,Female,87.4,37,27447
Alabama,Randolph County,Female Breast,Female,98.9,78,58012
Alabama,DeKalb County,Female Breast,Female,94.4,212,179499
Alabama,Franklin County,Female Breast,Female,98.7,98,78853
Alabama,Hale County,Female Breast,Female,99.4,52,39866
Alabama,Tallapoosa County,Female Breast,Female,106.5,157,104931
Alabama,Winston County,Female Breast,Female,99.7,86,60978
Alabama,Cherokee County,Female Breast,Female,100.9,93,65034
Alabama,Cleburne County,Female Breast,Female,100.6,49,37687
Alabama,Marshall County,Female Breast,Female,103.3,309,239731
Alabama,Macon County,Female Breast,Female,103.9,70,53266
Alabama,Lawrence County,Female Breast,Female,104.7,120,85772
Alabama,Fayette County,Female Breast,Female,101.2,64,42238
Alabama,Wilcox County,Female Breast,Female,107,36,28975
Alabama,Shelby County,Female Breast,Female,118,722,529828
Alabama,Cullman County,Female Breast,Female,116,322,205183
Alabama,Lee County,Female Breast,Female,111.4,412,389554
Alabama,Calhoun County,Female Breast,Female,112.6,435,300964
Alabama,Perry County,Female Breast,Female,112.3,37,26084
Alabama,Morgan County,Female Breast,Female,117.6,457,303128
Alabama,Barbour County,Female Breast,Female,112.7,87,62220
Alabama,Lauderdale County,Female Breast,Female,109.4,354,241685
Alabama,Etowah County,Female Breast,Female,110.4,383,266941
Alabama,Chilton County,Female Breast,Female,117.1,155,110888
Alabama,Colbert County,Female Breast,Female,112.8,217,141370
Alabama,Houston County,Female Breast,Female,107.3,364,270249
Alabama,Jackson County,Female Breast,Female,114.3,205,133400
Alabama,Walker County,Female Breast,Female,108.6,251,167283
Alabama,Henry County,Female Breast,Female,108.7,66,44202
Alabama,Tuscaloosa County,Female Breast,Female,129.7,683,523733
Alabama,Lowndes County,Female Breast,Female,118.5,43,27620
Alabama,Conecuh County,Female Breast,Female,141.5,59,33144
Alabama,Covington County,Female Breast,Female,142.1,193,97440
Alabama,Crenshaw County,Female Breast,Female,122,59,35544
Alabama,Coffee County,Female Breast,Female,118.4,185,128669
Alabama,Clay County,Female Breast,Female,119.3,54,34210
Alabama,Mobile County,Female Breast,Female,119.6,1541,1080439
Alabama,Monroe County,Female Breast,Female,133.2,99,57368
Alabama,Limestone County,Female Breast,Female,120.2,320,224674
Alabama,Blount County,Female Breast,Female,131.1,250,145902
Alabama,Bibb County,Female Breast,Female,146.6,97,52201
Alabama,Madison County,Female Breast,Female,128.1,1348,893289
Alabama,Pike County,Female Breast,Female,124,114,86504
Alabama,Russell County,Female Breast,Female,124.6,208,149996
Alabama,Bullock County,Female Breast,Female,148.9,45,24039
Alabama,Butler County,Female Breast,Female,151.9,101,54203
Alabama,St. Clair County,Female Breast,Female,137.8,369,216089
Alabama,Chambers County,Female Breast,Female,119.9,147,88475
Alabama,Dale County,Female Breast,Female,128.4,193,125351
Alabama,Dallas County,Female Breast,Female,137.7,187,111460
Alabama,Marengo County,Female Breast,Female,127.7,85,52751
Alabama,Marion County,Female Breast,Female,142.1,151,76072
Alabama,Pickens County,Female Breast,Female,167.5,103,50791
Alabama,Choctaw County,Female Breast,Female,128.2,65,34804
Alabama,Clarke County,Female Breast,Female,145.3,128,65435
Alabama,Baldwin County,Female Breast,Female,127.8,879,509761
Alabama,Lamar County,Female Breast,Female,156.4,82,36054
Alabama,Montgomery County,Female Breast,Female,121,816,598878
Alabama,Sumter County,Female Breast,Female,128.7,56,36149
Alabama,Elmore County,Female Breast,Female,119.1,290,207916
Alabama,Escambia County,Female Breast,Female,124.3,147,91591
Alabama,Jefferson County,Female Breast,Female,132.7,2736,1735217
Alabama,Talladega County,Female Breast,Female,120.2,314,209466
Alabama,Autauga County,Female Breast,Female,142.3,237,140755
Alabama,Greene County,Female Breast,Female,138.3,46,22715
Alabama,Geneva County,Female Breast,Female,128.9,123,68059
Mississippi,Smith County,Female Breast,Female,82.6,46,41804
Mississippi,Kemper County,Female Breast,Female,86.6,31,25529
Mississippi,Union County,Female Breast,Female,91.4,76,71442
Mississippi,Choctaw County,Female Breast,Female,88.2,27,21513
Mississippi,Noxubee County,Female Breast,Female,92.2,33,28800
Mississippi,Carroll County,Female Breast,Female,86.9,31,25469
Mississippi,Tate County,Female Breast,Female,99.5,85,73375
Mississippi,Lincoln County,Female Breast,Female,97.7,107,90299
Mississippi,Quitman County,Female Breast,Female,100.4,25,20021
Mississippi,Lauderdale County,Female Breast,Female,100.7,245,203970
Mississippi,Neshoba County,Female Breast,Female,97.1,83,77141
Mississippi,Newton County,Female Breast,Female,94.1,65,55834
Mississippi,Perry County,Female Breast,Female,93.6,36,30761
Mississippi,Franklin County,Female Breast,Female,92.4,26,19948
Mississippi,Tunica County,Female Breast,Female,103.4,28,27361
Mississippi,Warren County,Female Breast,Female,110.7,163,125200
Mississippi,Wilkinson County,Female Breast,Female,102.1,28,21617
Mississippi,Scott County,Female Breast,Female,111.3,90,72762
Mississippi,Prentiss County,Female Breast,Female,101.7,83,64785
Mississippi,Simpson County,Female Breast,Female,108.5,95,70072
Mississippi,Amite County,Female Breast,Female,111.9,53,32538
Mississippi,Clarke County,Female Breast,Female,109.4,61,42673
Mississippi,Hancock County,Female Breast,Female,103.8,162,116684
Mississippi,Panola County,Female Breast,Female,103.4,105,88651
Mississippi,Clay County,Female Breast,Female,112.4,70,53317
Mississippi,Marion County,Female Breast,Female,110.9,94,66527
Mississippi,Attala County,Female Breast,Female,103.8,65,49549
Mississippi,Pontotoc County,Female Breast,Female,113.7,104,78181
Mississippi,George County,Female Breast,Female,109.3,72,57561
Mississippi,DeSoto County,Female Breast,Female,112.3,532,440324
Mississippi,Lowndes County,Female Breast,Female,122,218,155980
Mississippi,Washington County,Female Breast,Female,123.4,185,129639
Mississippi,Wayne County,Female Breast,Female,127.4,81,53145
Mississippi,Winston County,Female Breast,Female,120.6,74,47809
Mississippi,Lee County,Female Breast,Female,121.9,311,220611
Mississippi,Leake County,Female Breast,Female,124.9,81,55674
Mississippi,Leflore County,Female Breast,Female,123.6,108,81177
Mississippi,Rankin County,Female Breast,Female,116.6,513,383461
Mississippi,Tallahatchie County,Female Breast,Female,119.7,47,32964
Mississippi,Covington County,Female Breast,Female,114.1,69,49276
Mississippi,Sunflower County,Female Breast,Female,140.6,100,64766
Mississippi,Tippah County,Female Breast,Female,138.4,95,55980
Mississippi,Tishomingo County,Female Breast,Female,131.1,94,50258
Mississippi,Yalobusha County,Female Breast,Female,165.4,73,32339
Mississippi,Yazoo County,Female Breast,Female,145.5,103,62233
Mississippi,Chickasaw County,Female Breast,Female,132,75,44681
Mississippi,Sharkey County,Female Breast,Female,Data Suppressed,Data Suppressed,12301
Mississippi,Stone County,Female Breast,Female,133.3,70,44632
Mississippi,Pearl River County,Female Breast,Female,130.7,234,139277
Mississippi,Marshall County,Female Breast,Female,119,136,91296
Mississippi,Pike County,Female Breast,Female,116.6,149,104782
Mississippi,Benton County,Female Breast,Female,Data Suppressed,Data Suppressed,21134
Mississippi,Bolivar County,Female Breast,Female,145.1,141,89224
Mississippi,Greene County,Female Breast,Female,126.2,43,28992
Mississippi,Humphreys County,Female Breast,Female,115.3,34,23312
Mississippi,Jefferson Davis County,Female Breast,Female,127.9,54,30888
Mississippi,Jones County,Female Breast,Female,114.6,253,175573
Mississippi,Oktibbeha County,Female Breast,Female,131,133,122814
Mississippi,Jefferson County,Female Breast,Female,124.2,28,19039
Mississippi,Lawrence County,Female Breast,Female,125.5,52,32387
Mississippi,Claiborne County,Female Breast,Female,118.8,31,24194
Mississippi,Jackson County,Female Breast,Female,119.2,504,357555
Mississippi,Jasper County,Female Breast,Female,121.2,66,42708
Mississippi,Calhoun County,Female Breast,Female,152.9,77,38273
Mississippi,Madison County,Female Breast,Female,138.1,394,262741
Mississippi,Copiah County,Female Breast,Female,130.6,115,74775
Mississippi,Monroe County,Female Breast,Female,131.4,162,94262
Mississippi,Itawamba County,Female Breast,Female,121.3,91,59454
Mississippi,Montgomery County,Female Breast,Female,117.9,41,27222
Mississippi,Coahoma County,Female Breast,Female,129.3,93,66767
Mississippi,Hinds County,Female Breast,Female,122.6,858,651718
Mississippi,Forrest County,Female Breast,Female,123.9,249,198848
Mississippi,Harrison County,Female Breast,Female,116.3,654,501100
Mississippi,Holmes County,Female Breast,Female,130.5,66,48515
Mississippi,Issaquena County,Female Breast,Female,Data Suppressed,Data Suppressed,2846
Mississippi,Lafayette County,Female Breast,Female,120.4,147,132767
Mississippi,Lamar County,Female Breast,Female,123.5,200,155163
Mississippi,Adams County,Female Breast,Female,115,123,78574
Mississippi,Alcorn County,Female Breast,Female,113.9,141,95050
Mississippi,Walthall County,Female Breast,Female,125,64,38224
Mississippi,Webster County,Female Breast,Female,131.1,46,25337
Mississippi,Grenada County,Female Breast,Female,132.9,92,56410
Indiana,Ohio County,Female Breast,Female,66.7,16,14934
Indiana,Steuben County,Female Breast,Female,75.1,86,84808
Indiana,Martin County,Female Breast,Female,83.1,32,25321
Indiana,Miami County,Female Breast,Female,84.7,97,83985
Indiana,Carroll County,Female Breast,Female,87.9,64,50270
Indiana,Fayette County,Female Breast,Female,86,72,59728
Indiana,Clinton County,Female Breast,Female,97.3,100,82362
Indiana,Scott County,Female Breast,Female,96.5,73,60151
Indiana,Union County,Female Breast,Female,91.2,25,18315
Indiana,Washington County,Female Breast,Female,91.8,80,69726
Indiana,Starke County,Female Breast,Female,97.6,75,57911
Indiana,Brown County,Female Breast,Female,94.3,58,37773
Indiana,Decatur County,Female Breast,Female,89.6,78,66433
Indiana,Ripley County,Female Breast,Female,94.2,90,71886
Indiana,Vermillion County,Female Breast,Female,99.6,55,39587
Indiana,Wabash County,Female Breast,Female,108,118,82419
Indiana,Daviess County,Female Breast,Female,101.9,98,81413
Indiana,Owen County,Female Breast,Female,107.1,78,52343
Indiana,Marshall County,Female Breast,Female,102.6,154,117924
Indiana,Switzerland County,Female Breast,Female,106.3,35,25811
Indiana,Perry County,Female Breast,Female,105,64,44799
Indiana,Pike County,Female Breast,Female,99.1,44,31183
Indiana,Lawrence County,Female Breast,Female,107.5,172,115523
Indiana,Jackson County,Female Breast,Female,99.1,128,109029
Indiana,Pulaski County,Female Breast,Female,107.6,50,31520
Indiana,Henry County,Female Breast,Female,107.2,169,117662
Indiana,Delaware County,Female Breast,Female,98.4,346,300899
Indiana,DeKalb County,Female Breast,Female,104.4,137,106741
Indiana,Randolph County,Female Breast,Female,104.8,90,64582
Indiana,Adams County,Female Breast,Female,106.6,103,87619
Indiana,Clay County,Female Breast,Female,114.4,98,67129
Indiana,Vanderburgh County,Female Breast,Female,119.1,676,469505
Indiana,Madison County,Female Breast,Female,123.6,515,324591
Indiana,Wells County,Female Breast,Female,118.7,112,70284
Indiana,Wayne County,Female Breast,Female,115.4,259,173594
Indiana,Tippecanoe County,Female Breast,Female,115.3,485,448805
Indiana,White County,Female Breast,Female,109.9,93,61182
Indiana,Whitley County,Female Breast,Female,114.3,127,83818
Indiana,Parke County,Female Breast,Female,108.2,63,45253
Indiana,Sullivan County,Female Breast,Female,113.9,77,47941
Indiana,Vigo County,Female Breast,Female,130,410,265852
Indiana,Clark County,Female Breast,Female,125.2,451,290602
Indiana,Warren County,Female Breast,Female,129.7,41,20804
Indiana,Crawford County,Female Breast,Female,127.8,45,26182
Indiana,Shelby County,Female Breast,Female,138,195,111869
Indiana,Orange County,Female Breast,Female,128.8,85,49572
Indiana,Marion County,Female Breast,Female,128.2,3272,2421201
Indiana,Warrick County,Female Breast,Female,142.5,278,154766
Indiana,Howard County,Female Breast,Female,133.7,373,213146
Indiana,Tipton County,Female Breast,Female,158.5,85,38570
Indiana,Montgomery County,Female Breast,Female,135.6,163,94480
Indiana,Monroe County,Female Breast,Female,124.3,419,359314
Indiana,LaGrange County,Female Breast,Female,110.7,102,95156
Indiana,Kosciusko County,Female Breast,Female,119.2,277,197291
Indiana,LaPorte County,Female Breast,Female,119.2,413,268618
Indiana,Lake County,Female Breast,Female,125.7,1946,1266099
Indiana,Greene County,Female Breast,Female,128.7,148,81464
Indiana,Gibson County,Female Breast,Female,128.8,137,84330
Indiana,Grant County,Female Breast,Female,118,275,177287
Indiana,Spencer County,Female Breast,Female,134.8,92,51299
Indiana,Bartholomew County,Female Breast,Female,125.3,305,201088
Indiana,Cass County,Female Breast,Female,113.5,135,95891
Indiana,Huntington County,Female Breast,Female,128.5,152,93036
Indiana,Blackford County,Female Breast,Female,115.3,50,31111
Indiana,Benton County,Female Breast,Female,111.7,31,21767
Indiana,Porter County,Female Breast,Female,124.3,651,423186
Indiana,Posey County,Female Breast,Female,125.4,104,64295
Indiana,Boone County,Female Breast,Female,127.7,225,155557
Indiana,Putnam County,Female Breast,Female,121.2,135,88481
Indiana,Knox County,Female Breast,Female,141.6,179,93442
Indiana,Franklin County,Female Breast,Female,130.2,94,57166
Indiana,Fountain County,Female Breast,Female,155.5,90,41913
Indiana,Fulton County,Female Breast,Female,119.4,81,51222
Indiana,Floyd County,Female Breast,Female,132,316,196055
Indiana,Hamilton County,Female Breast,Female,146.4,1162,774393
Indiana,Hancock County,Female Breast,Female,129.2,286,182776
Indiana,Dearborn County,Female Breast,Female,125.1,199,124540
Indiana,Harrison County,Female Breast,Female,125,158,98291
Indiana,Hendricks County,Female Breast,Female,142.6,621,388875
Indiana,Elkhart County,Female Breast,Female,111,624,509747
Indiana,Dubois County,Female Breast,Female,124.2,162,106695
Indiana,Jay County,Female Breast,Female,111.4,75,53577
Indiana,Jennings County,Female Breast,Female,110.5,98,69685
Indiana,Johnson County,Female Breast,Female,120.2,509,373498
Indiana,Newton County,Female Breast,Female,118.1,55,34539
Indiana,Noble County,Female Breast,Female,119.6,166,118324
Indiana,Jasper County,Female Breast,Female,116.8,118,84067
Indiana,Morgan County,Female Breast,Female,149.8,323,175150
Indiana,St. Joseph County,Female Breast,Female,117.8,942,688712
Indiana,Jefferson County,Female Breast,Female,109.8,121,83961
Indiana,Rush County,Female Breast,Female,146.8,83,42885
Indiana,Allen County,Female Breast,Female,121.9,1257,935427
Michigan,Presque Isle County,Female Breast,Female,75.8,48,32332
Michigan,Barry County,Female Breast,Female,81.8,161,147529
Michigan,Iron County,Female Breast,Female,85.9,41,28800
Michigan,Crawford County,Female Breast,Female,82.5,42,34316
Michigan,Kalkaska County,Female Breast,Female,82.2,48,42326
Michigan,Mason County,Female Breast,Female,81.9,87,72163
Michigan,Baraga County,Female Breast,Female,89.6,23,19456
Michigan,Lake County,Female Breast,Female,86.1,43,28197
Michigan,Newaygo County,Female Breast,Female,89.8,147,119017
Michigan,Alcona County,Female Breast,Female,89.4,52,25934
Michigan,Allegan County,Female Breast,Female,91.9,319,283660
Michigan,Cass County,Female Breast,Female,88.1,151,128657
Michigan,Branch County,Female Breast,Female,88.7,123,105679
Michigan,Ontonagon County,Female Breast,Female,87.4,29,15093
Michigan,Luce County,Female Breast,Female,93.2,19,13398
Michigan,Chippewa County,Female Breast,Female,101.8,106,85778
Michigan,Iosco County,Female Breast,Female,95.5,116,63850
Michigan,Clinton County,Female Breast,Female,99.8,239,194294
Michigan,Montcalm County,Female Breast,Female,102.5,199,152124
Michigan,Monroe County,Female Breast,Female,101.9,492,379315
Michigan,Leelanau County,Female Breast,Female,104.5,92,54539
Michigan,Lapeer County,Female Breast,Female,106.4,306,217917
Michigan,Isabella County,Female Breast,Female,92.3,150,181180
Michigan,Mackinac County,Female Breast,Female,106.2,45,26662
Michigan,Calhoun County,Female Breast,Female,107.1,453,343947
Michigan,Houghton County,Female Breast,Female,106.5,104,83493
Michigan,Mecosta County,Female Breast,Female,99.7,131,107631
Michigan,Ogemaw County,Female Breast,Female,100.9,95,53074
Michigan,Schoolcraft County,Female Breast,Female,103.6,33,20762
Michigan,Oscoda County,Female Breast,Female,104.2,27,20549
Michigan,Livingston County,Female Breast,Female,115.1,673,463169
Michigan,Cheboygan County,Female Breast,Female,117.6,126,64016
Michigan,Antrim County,Female Breast,Female,119.2,111,58169
Michigan,Huron County,Female Breast,Female,122.1,155,80501
Michigan,Ionia County,Female Breast,Female,120,207,148306
Michigan,Midland County,Female Breast,Female,121.6,335,212119
Michigan,Berrien County,Female Breast,Female,122,654,396927
Michigan,Charlevoix County,Female Breast,Female,117.7,112,66171
Michigan,Missaukee County,Female Breast,Female,115.2,64,36778
Michigan,Kalamazoo County,Female Breast,Female,116.1,826,658386
Michigan,Oakland County,Female Breast,Female,135.5,5419,3172697
Michigan,Arenac County,Female Breast,Female,143.7,81,37854
Michigan,Ingham County,Female Breast,Female,126.8,935,731844
Michigan,Genesee County,Female Breast,Female,131.1,1738,1068829
Michigan,Clare County,Female Breast,Female,154.7,168,76602
Michigan,Keweenaw County,Female Breast,Female,Data Suppressed,Data Suppressed,5189
Michigan,Kent County,Female Breast,Female,131,2258,1599929
Michigan,Montmorency County,Female Breast,Female,127.4,55,22998
Michigan,Jackson County,Female Breast,Female,119.2,601,389011
Michigan,Muskegon County,Female Breast,Female,126.1,682,433137
Michigan,Lenawee County,Female Breast,Female,127.1,414,243673
Michigan,Emmet County,Female Breast,Female,108,132,83336
Michigan,Delta County,Female Breast,Female,111.9,160,92105
Michigan,Dickinson County,Female Breast,Female,129.2,117,64786
Michigan,Eaton County,Female Breast,Female,126.6,453,276915
Michigan,Hillsdale County,Female Breast,Female,109.3,169,115390
Michigan,Alger County,Female Breast,Female,121.3,40,20977
Michigan,Alpena County,Female Breast,Female,111.2,130,73296
Michigan,Gladwin County,Female Breast,Female,122.5,127,63145
Michigan,Marquette County,Female Breast,Female,125,255,167045
Michigan,Manistee County,Female Breast,Female,131.9,112,58907
Michigan,Macomb County,Female Breast,Female,127.4,3574,2206473
Michigan,Menominee County,Female Breast,Female,113.5,96,58124
Michigan,Oceana County,Female Breast,Female,109.2,96,65332
Michigan,Van Buren County,Female Breast,Female,116.8,284,189310
Michigan,Wexford County,Female Breast,Female,114.8,125,82078
Michigan,Saginaw County,Female Breast,Female,128.8,859,502247
Michigan,Wayne County,Female Breast,Female,129.7,7040,4599795
Michigan,Roscommon County,Female Breast,Female,111.7,123,60162
Michigan,Washtenaw County,Female Breast,Female,126,1188,905237
Michigan,Otsego County,Female Breast,Female,115.5,94,60982
Michigan,Osceola County,Female Breast,Female,127.6,105,57569
Michigan,Ottawa County,Female Breast,Female,133,1013,702930
Michigan,Sanilac County,Female Breast,Female,111.3,160,105156
Michigan,St. Joseph County,Female Breast,Female,109.2,215,153163
Michigan,Tuscola County,Female Breast,Female,117.5,223,134513
Michigan,St. Clair County,Female Breast,Female,119.9,643,403210
Michigan,Shiawassee County,Female Breast,Female,128.1,286,174111
Michigan,Gratiot County,Female Breast,Female,137,165,96793
Michigan,Grand Traverse County,Female Breast,Female,161.2,486,229053
Michigan,Gogebic County,Female Breast,Female,110.9,61,36108
Michigan,Benzie County,Female Breast,Female,112.5,79,43937
Michigan,Bay County,Female Breast,Female,108.6,401,269161
Illinois,Cumberland County,Female Breast,Female,79,28,27277
Illinois,Edgar County,Female Breast,Female,87,62,45671
Illinois,Hamilton County,Female Breast,Female,94.5,30,21166
Illinois,Calhoun County,Female Breast,Female,95.8,19,12265
Illinois,Lawrence County,Female Breast,Female,96,49,36524
Illinois,Crawford County,Female Breast,Female,92.3,59,46517
Illinois,Pulaski County,Female Breast,Female,97.1,21,15003
Illinois,Montgomery County,Female Breast,Female,104.7,111,70094
Illinois,Vermilion County,Female Breast,Female,104.2,275,201053
Illinois,Wabash County,Female Breast,Female,104.9,44,29325
Illinois,Mason County,Female Breast,Female,103.9,49,35574
Illinois,Marshall County,Female Breast,Female,104,46,30324
Illinois,Clark County,Female Breast,Female,98.3,56,40728
Illinois,Stark County,Female Breast,Female,106.7,22,14263
Illinois,Iroquois County,Female Breast,Female,109.4,119,73429
Illinois,Putnam County,Female Breast,Female,115.4,26,14254
Illinois,Moultrie County,Female Breast,Female,109,52,37787
Illinois,Saline County,Female Breast,Female,110.3,98,62274
Illinois,Jasper County,Female Breast,Female,117.6,39,23986
Illinois,Schuyler County,Female Breast,Female,108.9,29,17268
Illinois,Johnson County,Female Breast,Female,119.1,52,28043
Illinois,Washington County,Female Breast,Female,107.1,53,35809
Illinois,Boone County,Female Breast,Female,114.4,178,134621
Illinois,Williamson County,Female Breast,Female,113.6,254,169086
Illinois,Coles County,Female Breast,Female,107.9,157,136092
Illinois,Ogle County,Female Breast,Female,116.8,198,130840
Illinois,Effingham County,Female Breast,Female,118.8,132,85669
Illinois,Fayette County,Female Breast,Female,111,78,51730
Illinois,Massac County,Female Breast,Female,115,62,38425
Illinois,Piatt County,Female Breast,Female,111.1,64,41411
Illinois,Henry County,Female Breast,Female,125.1,213,124935
Illinois,DeKalb County,Female Breast,Female,126.7,330,262908
Illinois,Alexander County,Female Breast,Female,120.8,31,18174
Illinois,Champaign County,Female Breast,Female,129.9,646,517674
Illinois,Cass County,Female Breast,Female,121.1,50,32413
Illinois,Christian County,Female Breast,Female,130.2,151,83132
Illinois,Pike County,Female Breast,Female,122.9,69,39835
Illinois,Knox County,Female Breast,Female,132.1,237,128444
Illinois,Hancock County,Female Breast,Female,120.6,85,46556
Illinois,Randolph County,Female Breast,Female,121.6,119,73715
Illinois,Franklin County,Female Breast,Female,134.8,187,100195
Illinois,Ford County,Female Breast,Female,159.6,78,34488
Illinois,Union County,Female Breast,Female,153.1,95,43536
Illinois,Adams County,Female Breast,Female,134.9,303,170655
Illinois,Livingston County,Female Breast,Female,139.3,173,92577
Illinois,Logan County,Female Breast,Female,133.6,138,73163
Illinois,DuPage County,Female Breast,Female,144.8,4077,2372562
Illinois,Will County,Female Breast,Female,135.8,2521,1725320
Illinois,Pope County,Female Breast,Female,Data Suppressed,Data Suppressed,10299
Illinois,Kendall County,Female Breast,Female,137.8,400,306614
Illinois,Henderson County,Female Breast,Female,142.2,40,17759
Illinois,Hardin County,Female Breast,Female,Data Suppressed,Data Suppressed,10291
Illinois,Rock Island County,Female Breast,Female,122.5,595,372069
Illinois,Richland County,Female Breast,Female,131.2,73,40592
Illinois,Macon County,Female Breast,Female,125.4,468,282342
Illinois,Monroe County,Female Breast,Female,132.5,143,84647
Illinois,Macoupin County,Female Breast,Female,121.7,198,117207
Illinois,Morgan County,Female Breast,Female,143.8,163,86142
Illinois,St. Clair County,Female Breast,Female,134.2,1087,687314
Illinois,Sangamon County,Female Breast,Female,145.5,947,516195
Illinois,Jefferson County,Female Breast,Female,142,179,93316
Illinois,Peoria County,Female Breast,Female,137.8,774,481336
Illinois,Jersey County,Female Breast,Female,130.7,98,57282
Illinois,Warren County,Female Breast,Female,169.7,86,44582
Illinois,Jo Daviess County,Female Breast,Female,131.7,114,55449
Illinois,Kane County,Female Breast,Female,123.8,1752,1323514
Illinois,Gallatin County,Female Breast,Female,129,25,13634
Illinois,Kankakee County,Female Breast,Female,133.5,441,283363
Illinois,Wayne County,Female Breast,Female,125.5,75,42082
Illinois,White County,Female Breast,Female,124.2,66,36675
Illinois,Bond County,Female Breast,Female,155.9,84,40808
Illinois,Carroll County,Female Breast,Female,137.5,65,37092
Illinois,Grundy County,Female Breast,Female,148.2,203,125959
Illinois,Greene County,Female Breast,Female,158.7,75,33292
Illinois,Bureau County,Female Breast,Female,120.3,144,86266
Illinois,Brown County,Female Breast,Female,120.5,19,12073
Illinois,Whiteside County,Female Breast,Female,137.1,261,144644
Illinois,Lee County,Female Breast,Female,125.5,142,82253
Illinois,Madison County,Female Breast,Female,134.7,1153,682423
Illinois,Cook County,Female Breast,Female,130.1,19834,13508893
Illinois,McDonough County,Female Breast,Female,134.7,114,80447
Illinois,McHenry County,Female Breast,Female,137.2,1233,772667
Illinois,McLean County,Female Breast,Female,142,626,444839
Illinois,Mercer County,Female Breast,Female,119.2,68,40049
Illinois,Winnebago County,Female Breast,Female,130.8,1186,738816
Illinois,Woodford County,Female Breast,Female,122.9,150,98077
Illinois,Fulton County,Female Breast,Female,133.7,153,86364
Illinois,Edwards County,Female Breast,Female,120.7,29,16815
Illinois,Marion County,Female Breast,Female,143.1,182,98585
Illinois,Jackson County,Female Breast,Female,126.9,195,147288
Illinois,Lake County,Female Breast,Female,141.3,2842,1762701
Illinois,La Salle County,Female Breast,Female,119.7,442,277407
Illinois,Menard County,Female Breast,Female,134.6,61,32009
Illinois,Perry County,Female Breast,Female,123.8,82,49179
Illinois,De Witt County,Female Breast,Female,151,83,40925
Illinois,Douglas County,Female Breast,Female,145,86,50172
Illinois,Clay County,Female Breast,Female,126.4,63,34113
Illinois,Clinton County,Female Breast,Female,139.5,162,90722
Illinois,Shelby County,Female Breast,Female,158.8,117,55500
Illinois,Scott County,Female Breast,Female,213.1,40,13231
Illinois,Stephenson County,Female Breast,Female,132.9,221,119104
Illinois,Tazewell County,Female Breast,Female,151.1,666,343081
Wisconsin,Pepin County,Female Breast,Female,85.9,24,18051
Wisconsin,Pierce County,Female Breast,Female,86.5,97,103101
Wisconsin,Forest County,Female Breast,Female,94.7,31,22308
Wisconsin,Kewaunee County,Female Breast,Female,98.7,64,50214
Wisconsin,Rusk County,Female Breast,Female,96,52,35441
Wisconsin,Waushara County,Female Breast,Female,96.6,84,57240
Wisconsin,Green Lake County,Female Breast,Female,106.4,71,46823
Wisconsin,Green County,Female Breast,Female,102.9,123,92869
Wisconsin,Dodge County,Female Breast,Female,107.6,289,207545
Wisconsin,Buffalo County,Female Breast,Female,105.8,50,32717
Wisconsin,Ashland County,Female Breast,Female,107.9,54,39427
Wisconsin,Douglas County,Female Breast,Female,108.8,154,109004
Wisconsin,Richland County,Female Breast,Female,110,71,43963
Wisconsin,Adams County,Female Breast,Female,109.2,90,46823
Wisconsin,Burnett County,Female Breast,Female,116.7,76,37469
Wisconsin,Dunn County,Female Breast,Female,123.2,145,109204
Wisconsin,Polk County,Female Breast,Female,112.3,170,107549
Wisconsin,Rock County,Female Breast,Female,120,605,408555
Wisconsin,Langlade County,Female Breast,Female,122,85,47806
Wisconsin,Lincoln County,Female Breast,Female,119.5,125,69533
Wisconsin,Taylor County,Female Breast,Female,112.6,74,49901
Wisconsin,Jackson County,Female Breast,Female,113.3,71,47852
Wisconsin,Clark County,Female Breast,Female,122.4,125,85198
Wisconsin,Wood County,Female Breast,Female,115.4,301,186882
Wisconsin,Bayfield County,Female Breast,Female,118.5,71,36632
Wisconsin,St. Croix County,Female Breast,Female,117.9,277,216245
Wisconsin,Marinette County,Female Breast,Female,120.5,195,102327
Wisconsin,Marquette County,Female Breast,Female,116.7,66,37346
Wisconsin,Iron County,Female Breast,Female,118.8,37,14509
Wisconsin,Portage County,Female Breast,Female,122.1,245,175202
Wisconsin,Grant County,Female Breast,Female,134.2,199,123738
Wisconsin,Fond du Lac County,Female Breast,Female,133.8,446,259054
Wisconsin,Price County,Female Breast,Female,139.5,75,33519
Wisconsin,Monroe County,Female Breast,Female,126.5,170,111497
Wisconsin,Milwaukee County,Female Breast,Female,137.2,3597,2471907
Wisconsin,Eau Claire County,Female Breast,Female,128.8,367,258618
Wisconsin,Manitowoc County,Female Breast,Female,128.4,350,200416
Wisconsin,Shawano County,Female Breast,Female,131.6,188,103122
Wisconsin,Trempealeau County,Female Breast,Female,125.4,113,72859
Wisconsin,Sheboygan County,Female Breast,Female,135.5,506,285765
Wisconsin,Ozaukee County,Female Breast,Female,142.7,425,222571
Wisconsin,Florence County,Female Breast,Female,Data Suppressed,Data Suppressed,10597
Wisconsin,Menominee County,Female Breast,Female,Data Suppressed,Data Suppressed,11221
Wisconsin,Jefferson County,Female Breast,Female,127.6,321,211755
Wisconsin,Juneau County,Female Breast,Female,124.1,104,62348
Wisconsin,Kenosha County,Female Breast,Female,129.2,617,423233
Wisconsin,Walworth County,Female Breast,Female,131.9,414,257194
Wisconsin,Vernon County,Female Breast,Female,130.2,125,75543
Wisconsin,Vilas County,Female Breast,Female,147.6,140,52768
Wisconsin,Lafayette County,Female Breast,Female,141.8,68,41368
Wisconsin,La Crosse County,Female Breast,Female,137.4,463,299895
Wisconsin,Calumet County,Female Breast,Female,134,196,123855
Wisconsin,Chippewa County,Female Breast,Female,124.6,242,152142
Wisconsin,Dane County,Female Breast,Female,134,1842,1300031
Wisconsin,Columbia County,Female Breast,Female,139.9,247,138842
Wisconsin,Crawford County,Female Breast,Female,128.8,75,39632
Wisconsin,Barron County,Female Breast,Female,126.7,200,113739
Wisconsin,Oconto County,Female Breast,Female,127.5,163,91616
Wisconsin,Oneida County,Female Breast,Female,154.6,222,88469
Wisconsin,Outagamie County,Female Breast,Female,129.5,681,456223
Wisconsin,Washington County,Female Breast,Female,138.6,599,335718
Wisconsin,Waukesha County,Female Breast,Female,147.7,1955,1004803
Wisconsin,Racine County,Female Breast,Female,132.6,807,492126
Wisconsin,Washburn County,Female Breast,Female,146.6,89,39407
Wisconsin,Sauk County,Female Breast,Female,129.5,270,158118
Wisconsin,Door County,Female Breast,Female,126.6,154,69612
Wisconsin,Marathon County,Female Breast,Female,126.3,538,336034
Wisconsin,Iowa County,Female Breast,Female,138.7,106,58675
Wisconsin,Winnebago County,Female Breast,Female,133.1,656,420053
Wisconsin,Waupaca County,Female Breast,Female,124.1,216,127836
Wisconsin,Sawyer County,Female Breast,Female,145.7,91,40339
Wisconsin,Brown County,Female Breast,Female,126.5,925,645513
Louisiana,Cameron Parish,Female Breast,Female,77.8,19,16967
Louisiana,Tensas Parish,Female Breast,Female,84.7,18,12545
Louisiana,Allen Parish,Female Breast,Female,94.2,62,55810
Louisiana,Grant Parish,Female Breast,Female,85.5,53,48935
Louisiana,La Salle Parish,Female Breast,Female,96.2,44,36053
Louisiana,Assumption Parish,Female Breast,Female,92,63,58904
Louisiana,St. Bernard Parish,Female Breast,Female,102.7,106,111231
Louisiana,Concordia Parish,Female Breast,Female,104.9,65,50269
Louisiana,Evangeline Parish,Female Breast,Female,102.3,101,82962
Louisiana,East Carroll Parish,Female Breast,Female,105.2,21,16995
Louisiana,St. Martin Parish,Female Breast,Female,100.5,160,134998
Louisiana,Beauregard Parish,Female Breast,Female,103.6,112,89203
Louisiana,Avoyelles Parish,Female Breast,Female,96.3,121,102543
Louisiana,Union Parish,Female Breast,Female,104.4,76,56772
Louisiana,Winn Parish,Female Breast,Female,112.1,53,34566
Louisiana,Jefferson Davis Parish,Female Breast,Female,113.6,108,80064
Louisiana,Tangipahoa Parish,Female Breast,Female,111.9,405,327570
Louisiana,Morehouse Parish,Female Breast,Female,119.5,105,69117
Louisiana,Jackson Parish,Female Breast,Female,116.3,61,39212
Louisiana,Calcasieu Parish,Female Breast,Female,115.9,671,504748
Louisiana,Caldwell Parish,Female Breast,Female,117.6,41,24379
Louisiana,Franklin Parish,Female Breast,Female,115,75,52536
Louisiana,Lafourche Parish,Female Breast,Female,117,333,248577
Louisiana,Lincoln Parish,Female Breast,Female,106.2,122,121385
Louisiana,Livingston Parish,Female Breast,Female,116.7,423,344114
Louisiana,Rapides Parish,Female Breast,Female,116.1,468,341710
Louisiana,Red River Parish,Female Breast,Female,117.4,36,22777
Louisiana,Washington Parish,Female Breast,Female,110.2,167,117342
Louisiana,Terrebonne Parish,Female Breast,Female,107.6,339,285255
Louisiana,Vernon Parish,Female Breast,Female,114.5,133,123578
Louisiana,Bienville Parish,Female Breast,Female,128.2,65,36256
Louisiana,Bossier Parish,Female Breast,Female,120.3,419,314900
Louisiana,Ouachita Parish,Female Breast,Female,123.3,558,406944
Louisiana,Plaquemines Parish,Female Breast,Female,119.8,77,58438
Louisiana,St. James Parish,Female Breast,Female,131,92,55524
Louisiana,St. Helena Parish,Female Breast,Female,151.2,48,27227
Louisiana,St. Charles Parish,Female Breast,Female,130.3,198,133566
Louisiana,Lafayette Parish,Female Breast,Female,134.2,847,601496
Louisiana,Richland Parish,Female Breast,Female,122.6,81,53478
Louisiana,Sabine Parish,Female Breast,Female,130.4,100,61075
Louisiana,Webster Parish,Female Breast,Female,126.5,176,103324
Louisiana,Caddo Parish,Female Breast,Female,123.9,982,664855
Louisiana,St. Tammany Parish,Female Breast,Female,140.7,1097,631122
Louisiana,West Baton Rouge Parish,Female Breast,Female,127,90,63437
Louisiana,St. Mary Parish,Female Breast,Female,133,212,134274
Louisiana,Natchitoches Parish,Female Breast,Female,136,154,102067
Louisiana,West Feliciana Parish,Female Breast,Female,145.8,49,26331
Louisiana,Madison Parish,Female Breast,Female,151.2,54,29705
Louisiana,West Carroll Parish,Female Breast,Female,130.9,50,28090
Louisiana,Jefferson Parish,Female Breast,Female,133.7,1877,1121176
Louisiana,Iberville Parish,Female Breast,Female,133.9,131,81470
Louisiana,East Baton Rouge Parish,Female Breast,Female,132,1641,1158959
Louisiana,Acadia Parish,Female Breast,Female,120.1,216,160402
Louisiana,Catahoula Parish,Female Breast,Female,133.4,42,23756
Louisiana,De Soto Parish,Female Breast,Female,127.7,118,70001
Louisiana,Claiborne Parish,Female Breast,Female,161.8,75,36008
Louisiana,Ascension Parish,Female Breast,Female,121.3,366,295625
Louisiana,Orleans Parish,Female Breast,Female,129,1438,1001620
Louisiana,East Feliciana Parish,Female Breast,Female,152.5,87,45076
Louisiana,Iberia Parish,Female Breast,Female,125.9,272,188054
Louisiana,St. Landry Parish,Female Breast,Female,133.8,339,216955
Louisiana,Pointe Coupee Parish,Female Breast,Female,140.9,103,58004
Louisiana,St. John the Baptist Parish,Female Breast,Female,125.9,164,112388
Louisiana,Vermilion Parish,Female Breast,Female,121,212,153244
Arkansas,Sevier County,Female Breast,Female,73.4,34,43254
Arkansas,Newton County,Female Breast,Female,80.9,25,19606
Arkansas,Johnson County,Female Breast,Female,87.9,71,65481
Arkansas,Lafayette County,Female Breast,Female,86.2,22,18451
Arkansas,Nevada County,Female Breast,Female,89,27,21752
Arkansas,Hempstead County,Female Breast,Female,90.9,67,57620
Arkansas,Searcy County,Female Breast,Female,97.5,30,19690
Arkansas,Montgomery County,Female Breast,Female,94.5,34,22920
Arkansas,Pike County,Female Breast,Female,96.5,34,27490
Arkansas,Bradley County,Female Breast,Female,91.1,37,28503
Arkansas,Logan County,Female Breast,Female,95.6,75,54823
Arkansas,Hot Spring County,Female Breast,Female,96,111,80377
Arkansas,Independence County,Female Breast,Female,92.6,113,94680
Arkansas,St. Francis County,Female Breast,Female,93,70,61346
Arkansas,Crittenden County,Female Breast,Female,97.9,136,130261
Arkansas,Cross County,Female Breast,Female,107.3,59,44799
Arkansas,Ouachita County,Female Breast,Female,105.5,95,65027
Arkansas,Scott County,Female Breast,Female,106.2,36,26333
Arkansas,Chicot County,Female Breast,Female,98.8,39,28201
Arkansas,Polk County,Female Breast,Female,103.3,77,51764
Arkansas,Pope County,Female Breast,Female,104.4,188,159135
Arkansas,Prairie County,Female Breast,Female,104.3,32,21052
Arkansas,Yell County,Female Breast,Female,98.3,66,54082
Arkansas,Franklin County,Female Breast,Female,101.1,60,44874
Arkansas,Fulton County,Female Breast,Female,102.6,48,30723
Arkansas,Arkansas County,Female Breast,Female,97.5,58,47963
Arkansas,Stone County,Female Breast,Female,104.3,48,31564
Arkansas,Izard County,Female Breast,Female,106.8,59,32562
Arkansas,Monroe County,Female Breast,Female,105.6,30,19915
Arkansas,Greene County,Female Breast,Female,100,134,111289
Arkansas,Saline County,Female Breast,Female,116.2,426,291703
Arkansas,Madison County,Female Breast,Female,118.5,57,39287
Arkansas,Miller County,Female Breast,Female,112.9,151,110688
Arkansas,Columbia County,Female Breast,Female,109.5,80,62740
Arkansas,Carroll County,Female Breast,Female,118.3,134,70237
Arkansas,Clark County,Female Breast,Female,117.6,74,59239
Arkansas,Sebastian County,Female Breast,Female,120.4,459,324733
Arkansas,Jefferson County,Female Breast,Female,117,277,183893
Arkansas,Poinsett County,Female Breast,Female,111.5,88,61757
Arkansas,Benton County,Female Breast,Female,124.3,827,620145
Arkansas,Marion County,Female Breast,Female,134.9,94,41253
Arkansas,Perry County,Female Breast,Female,152.4,49,25950
Arkansas,Phillips County,Female Breast,Female,129,82,52905
Arkansas,Baxter County,Female Breast,Female,131.6,263,106213
Arkansas,Boone County,Female Breast,Female,120.2,163,94235
Arkansas,Woodruff County,Female Breast,Female,154.1,37,17960
Arkansas,White County,Female Breast,Female,115.4,274,200903
Arkansas,Conway County,Female Breast,Female,120.8,85,53351
Arkansas,Craighead County,Female Breast,Female,124.1,343,263700
Arkansas,Crawford County,Female Breast,Female,113.6,213,157017
Arkansas,Jackson County,Female Breast,Female,118.9,68,44327
Arkansas,Cleburne County,Female Breast,Female,126.8,130,64665
Arkansas,Cleveland County,Female Breast,Female,115.2,35,21448
Arkansas,Washington County,Female Breast,Female,131.9,698,549124
Arkansas,Little River County,Female Breast,Female,127.3,54,32172
Arkansas,Lonoke County,Female Breast,Female,114.5,224,179493
Arkansas,Faulkner County,Female Breast,Female,121.1,358,306953
Arkansas,Dallas County,Female Breast,Female,132.6,37,19632
Arkansas,Ashley County,Female Breast,Female,130.1,92,54158
Arkansas,Clay County,Female Breast,Female,142.4,76,39153
Arkansas,Howard County,Female Breast,Female,111,47,34939
Arkansas,Sharp County,Female Breast,Female,124.6,82,42972
Arkansas,Lincoln County,Female Breast,Female,122.1,44,27087
Arkansas,Randolph County,Female Breast,Female,114,72,44623
Arkansas,Calhoun County,Female Breast,Female,108.2,22,12758
Arkansas,Lawrence County,Female Breast,Female,113.8,69,42849
Arkansas,Lee County,Female Breast,Female,173.6,50,21560
Arkansas,Garland County,Female Breast,Female,118.8,460,252465
Arkansas,Grant County,Female Breast,Female,116.5,66,45320
Arkansas,Mississippi County,Female Breast,Female,121.4,155,113601
Arkansas,Union County,Female Breast,Female,119.3,161,103316
Arkansas,Van Buren County,Female Breast,Female,116,79,42520
Arkansas,Pulaski County,Female Breast,Female,120.7,1416,1019165
Arkansas,Desha County,Female Breast,Female,108,47,32589
Arkansas,Drew County,Female Breast,Female,113.8,67,47863
Missouri,Ozark County,Female Breast,Female,52.7,23,23330
Missouri,Oregon County,Female Breast,Female,54.3,22,27665
Missouri,Howell County,Female Breast,Female,77.8,104,103189
Missouri,Douglas County,Female Breast,Female,63.5,37,33804
Missouri,Dade County,Female Breast,Female,77.6,22,18727
Missouri,Sullivan County,Female Breast,Female,73.8,17,15714
Missouri,Gentry County,Female Breast,Female,84,25,17398
Missouri,Chariton County,Female Breast,Female,89.9,28,19140
Missouri,Polk County,Female Breast,Female,85,89,79598
Missouri,Carter County,Female Breast,Female,78.3,18,16136
Missouri,Barry County,Female Breast,Female,81.7,103,88220
Missouri,Texas County,Female Breast,Female,80.8,71,61738
Missouri,Reynolds County,Female Breast,Female,86.7,20,15612
Missouri,St. Clair County,Female Breast,Female,79.9,31,23378
Missouri,McDonald County,Female Breast,Female,90.7,57,56151
Missouri,Maries County,Female Breast,Female,94.5,30,22437
Missouri,Madison County,Female Breast,Female,90.4,38,31203
Missouri,St. Genevieve County,Female Breast,Female,91.6,56,44163
Missouri,Putnam County,Female Breast,Female,94,18,12096
Missouri,Ralls County,Female Breast,Female,100.6,34,25247
Missouri,Shannon County,Female Breast,Female,94.5,29,20854
Missouri,Andrew County,Female Breast,Female,102,60,43770
Missouri,Cedar County,Female Breast,Female,100.1,53,34846
Missouri,Barton County,Female Breast,Female,91,35,30494
Missouri,Vernon County,Female Breast,Female,92.5,65,53152
Missouri,Hickory County,Female Breast,Female,98.3,40,23903
Missouri,Laclede County,Female Breast,Female,93.5,107,89989
Missouri,Pemiscot County,Female Breast,Female,90.8,50,46340
Missouri,Dent County,Female Breast,Female,98.8,51,39137
Missouri,Stone County,Female Breast,Female,101.4,139,80547
Missouri,Stoddard County,Female Breast,Female,108,110,75837
Missouri,Washington County,Female Breast,Female,105.4,85,60824
Missouri,St. Francois County,Female Breast,Female,116.7,228,154047
Missouri,Clark County,Female Breast,Female,117.8,27,16949
Missouri,Henry County,Female Breast,Female,118.9,95,55849
Missouri,Harrison County,Female Breast,Female,102.2,32,21841
Missouri,Newton County,Female Breast,Female,118.1,220,146895
Missouri,New Madrid County,Female Breast,Female,108.2,67,47329
Missouri,Nodaway County,Female Breast,Female,107.5,61,56811
Missouri,Saline County,Female Breast,Female,117.8,94,58234
Missouri,Shelby County,Female Breast,Female,211.6,44,15411
Missouri,Ray County,Female Breast,Female,129.6,99,57410
Missouri,Macon County,Female Breast,Female,163.7,86,39056
Missouri,Mississippi County,Female Breast,Female,145,62,32511
Missouri,Moniteau County,Female Breast,Female,129.4,55,37150
Missouri,Miller County,Female Breast,Female,139.6,113,62259
Missouri,Marion County,Female Breast,Female,164.6,153,74186
Missouri,Mercer County,Female Breast,Female,Data Suppressed,Data Suppressed,9173
Missouri,Warren County,Female Breast,Female,127.8,130,83166
Missouri,Pike County,Female Breast,Female,120.8,70,41670
Missouri,Wayne County,Female Breast,Female,134.9,68,33734
Missouri,Clay County,Female Breast,Female,141.5,949,594433
Missouri,Clinton County,Female Breast,Female,142,96,50999
Missouri,Dunklin County,Female Breast,Female,129.4,136,81238
Missouri,Cole County,Female Breast,Female,137.5,322,189669
Missouri,Franklin County,Female Breast,Female,133.5,433,257016
Missouri,Greene County,Female Breast,Female,122,1048,729680
Missouri,Grundy County,Female Breast,Female,200.2,64,26588
Missouri,Christian County,Female Breast,Female,128.8,314,209657
Missouri,Platte County,Female Breast,Female,146.3,415,240762
Missouri,Pulaski County,Female Breast,Female,124,123,115379
Missouri,Randolph County,Female Breast,Female,122.2,94,59666
Missouri,St. Louis County,Female Breast,Female,148.3,4990,2630246
Missouri,Schuyler County,Female Breast,Female,Data Suppressed,Data Suppressed,11192
Missouri,Scotland County,Female Breast,Female,148.1,24,12367
Missouri,Monroe County,Female Breast,Female,106.4,33,21544
Missouri,Scott County,Female Breast,Female,118,150,100325
Missouri,Morgan County,Female Breast,Female,114.5,85,49864
Missouri,Montgomery County,Female Breast,Female,143.8,58,29293
Missouri,Callaway County,Female Breast,Female,111.4,146,108945
Missouri,Bollinger County,Female Breast,Female,134.9,50,30998
Missouri,Camden County,Female Breast,Female,122.3,222,112421
Missouri,Adair County,Female Breast,Female,164.5,111,66314
Missouri,Buchanan County,Female Breast,Female,122.9,322,222175
Missouri,Benton County,Female Breast,Female,116.5,97,47057
Missouri,Atchison County,Female Breast,Female,Data Suppressed,Data Suppressed,13566
Missouri,Boone County,Female Breast,Female,135.8,559,444711
Missouri,Caldwell County,Female Breast,Female,123.1,35,22359
Missouri,Bates County,Female Breast,Female,102.6,56,41636
Missouri,Butler County,Female Breast,Female,103.6,158,110448
Missouri,Cape Girardeau County,Female Breast,Female,134.5,313,200540
Missouri,Carroll County,Female Breast,Female,133.9,42,22893
Missouri,Phelps County,Female Breast,Female,109.5,142,107246
Missouri,Osage County,Female Breast,Female,123.6,52,32891
Missouri,St. Charles County,Female Breast,Female,135,1490,966130
Missouri,Ripley County,Female Breast,Female,111.5,55,35218
Missouri,Wright County,Female Breast,Female,117.8,75,46676
Missouri,Webster County,Female Breast,Female,109.3,117,91313
Missouri,Worth County,Female Breast,Female,Data Suppressed,Data Suppressed,5205
Missouri,Lawrence County,Female Breast,Female,136.8,165,96055
Missouri,Lafayette County,Female Breast,Female,118.2,134,82707
Missouri,Johnson County,Female Breast,Female,124.4,159,131254
Missouri,Howard County,Female Breast,Female,126,40,25439
Missouri,Iron County,Female Breast,Female,143.6,53,26108
Missouri,Jackson County,Female Breast,Female,137.8,2831,1767155
Missouri,Lewis County,Female Breast,Female,119.8,37,25221
Missouri,Jasper County,Female Breast,Female,123.2,419,301203
Missouri,Jefferson County,Female Breast,Female,131.1,860,557869
Missouri,Holt County,Female Breast,Female,116.5,21,11556
Missouri,Knox County,Female Breast,Female,Data Suppressed,Data Suppressed,10017
Missouri,St. Louis City,Female Breast,Female,125.2,1090,819222
Missouri,Lincoln County,Female Breast,Female,121.7,183,135279
Missouri,Livingston County,Female Breast,Female,107.6,60,41646
Missouri,Linn County,Female Breast,Female,114.8,54,31714
Missouri,Pettis County,Female Breast,Female,117.1,158,107003
Missouri,Perry County,Female Breast,Female,111.3,65,47940
Missouri,DeKalb County,Female Breast,Female,113.3,34,23218
Missouri,Crawford County,Female Breast,Female,129,104,61789
Missouri,Daviess County,Female Breast,Female,159.7,42,20599
Missouri,Audrain County,Female Breast,Female,113.6,95,70063
Missouri,Cass County,Female Breast,Female,136.4,429,258770
Missouri,Dallas County,Female Breast,Female,103.1,60,41430
Missouri,Gasconade County,Female Breast,Female,145.6,79,37322
Missouri,Cooper County,Female Breast,Female,179.1,94,41851
Missouri,Taney County,Female Breast,Female,107.6,199,138451
Iowa,Appanoose County,Female Breast,Female,63.3,34,32075
Iowa,Wayne County,Female Breast,Female,64.6,18,16322
Iowa,Wright County,Female Breast,Female,85.3,41,32213
Iowa,Cherokee County,Female Breast,Female,83.4,42,29351
Iowa,Hancock County,Female Breast,Female,83,35,27480
Iowa,Henry County,Female Breast,Female,85.1,57,48472
Iowa,Audubon County,Female Breast,Female,88.5,21,14768
Iowa,Union County,Female Breast,Female,93.2,45,32056
Iowa,Sac County,Female Breast,Female,97.1,38,25513
Iowa,Fremont County,Female Breast,Female,97.2,30,17656
Iowa,Floyd County,Female Breast,Female,86.2,50,40645
Iowa,Howard County,Female Breast,Female,98.6,28,23510
Iowa,Lyon County,Female Breast,Female,97.7,37,29008
Iowa,Mahaska County,Female Breast,Female,89.8,68,55396
Iowa,Davis County,Female Breast,Female,104.3,29,22226
Iowa,Cass County,Female Breast,Female,100.2,54,34105
Iowa,Adair County,Female Breast,Female,98.9,25,18413
Iowa,Sioux County,Female Breast,Female,109.5,103,86126
Iowa,Mitchell County,Female Breast,Female,105.8,37,27040
Iowa,Taylor County,Female Breast,Female,106,22,15488
Iowa,Plymouth County,Female Breast,Female,100,83,62907
Iowa,Monroe County,Female Breast,Female,98.7,27,19922
Iowa,Page County,Female Breast,Female,103.2,65,36855
Iowa,Des Moines County,Female Breast,Female,108.7,153,102379
Iowa,Emmet County,Female Breast,Female,99.4,32,24188
Iowa,Keokuk County,Female Breast,Female,100.2,36,25527
Iowa,Jackson County,Female Breast,Female,107.4,75,48856
Iowa,Louisa County,Female Breast,Female,100.4,35,27495
Iowa,Marshall County,Female Breast,Female,109,148,100596
Iowa,Ida County,Female Breast,Female,102,25,17441
Iowa,Delaware County,Female Breast,Female,123.1,70,43482
Iowa,Crawford County,Female Breast,Female,112.4,51,41891
Iowa,Clay County,Female Breast,Female,111.3,64,41922
Iowa,Carroll County,Female Breast,Female,121.7,87,52302
Iowa,Bremer County,Female Breast,Female,125.4,99,62697
Iowa,Boone County,Female Breast,Female,122,110,65286
Iowa,Buchanan County,Female Breast,Female,112.1,75,52940
Iowa,Calhoun County,Female Breast,Female,125.2,40,23793
Iowa,Buena Vista County,Female Breast,Female,111.4,67,50642
Iowa,Cedar County,Female Breast,Female,118.1,76,46111
Iowa,Worth County,Female Breast,Female,133,32,18743
Iowa,Dallas County,Female Breast,Female,133.4,262,198077
Iowa,Decatur County,Female Breast,Female,152.6,38,20242
Iowa,Clinton County,Female Breast,Female,134.3,225,122059
Iowa,Winnebago County,Female Breast,Female,156.3,56,26854
Iowa,Clayton County,Female Breast,Female,132.3,80,44198
Iowa,Adams County,Female Breast,Female,138.8,18,9607
Iowa,Warren County,Female Breast,Female,142.3,204,122276
Iowa,Washington County,Female Breast,Female,128.7,95,55822
Iowa,Benton County,Female Breast,Female,135.4,115,64519
Iowa,Black Hawk County,Female Breast,Female,140.2,526,338976
Iowa,Allamakee County,Female Breast,Female,129.4,64,34284
Iowa,Butler County,Female Breast,Female,141.5,71,37474
Iowa,Cerro Gordo County,Female Breast,Female,143,230,110593
Iowa,Clarke County,Female Breast,Female,132.3,39,23088
Iowa,Chickasaw County,Female Breast,Female,118.7,52,30401
Iowa,OBrien County,Female Breast,Female,116.2,56,34920
Iowa,Muscatine County,Female Breast,Female,117.9,157,107691
Iowa,Pocahontas County,Female Breast,Female,120.2,30,17724
Iowa,Polk County,Female Breast,Female,124,1546,1168875
Iowa,Pottawattamie County,Female Breast,Female,113.7,343,236621
Iowa,Ringgold County,Female Breast,Female,110.1,24,12686
Iowa,Tama County,Female Breast,Female,121.1,73,43995
Iowa,Poweshiek County,Female Breast,Female,148.8,91,47408
Iowa,Story County,Female Breast,Female,134,276,227011
Iowa,Mills County,Female Breast,Female,171.2,83,37074
Iowa,Palo Alto County,Female Breast,Female,166.8,45,23056
Iowa,Montgomery County,Female Breast,Female,126.2,47,26467
Iowa,Osceola County,Female Breast,Female,132,25,15230
Iowa,Scott County,Female Breast,Female,123.9,627,434703
Iowa,Monona County,Female Breast,Female,203.2,65,22641
Iowa,Shelby County,Female Breast,Female,135.9,62,30135
Iowa,Webster County,Female Breast,Female,125.3,155,89876
Iowa,Lee County,Female Breast,Female,112.7,141,87012
Iowa,Jones County,Female Breast,Female,113.4,75,49253
Iowa,Linn County,Female Breast,Female,137.9,875,552890
Iowa,Kossuth County,Female Breast,Female,112.8,61,38159
Iowa,Jefferson County,Female Breast,Female,116.1,72,40153
Iowa,Johnson County,Female Breast,Female,130.4,406,356934
Iowa,Guthrie County,Female Breast,Female,129,49,26720
Iowa,Hamilton County,Female Breast,Female,121.1,63,38455
Iowa,Hardin County,Female Breast,Female,123,83,43172
Iowa,Greene County,Female Breast,Female,126.1,42,23116
Iowa,Grundy County,Female Breast,Female,148.6,72,31338
Iowa,Fayette County,Female Breast,Female,114.1,84,50548
Iowa,Franklin County,Female Breast,Female,135.9,45,25896
Iowa,Dubuque County,Female Breast,Female,134.4,398,243528
Iowa,Dickinson County,Female Breast,Female,132.7,97,42508
Iowa,Wapello County,Female Breast,Female,134,158,89670
Iowa,Van Buren County,Female Breast,Female,139.4,37,18151
Iowa,Winneshiek County,Female Breast,Female,116.6,77,52258
Iowa,Woodbury County,Female Breast,Female,116.8,335,258850
Iowa,Harrison County,Female Breast,Female,144.3,69,35858
Iowa,Jasper County,Female Breast,Female,121.8,148,89681
Iowa,Madison County,Female Breast,Female,118.8,58,39214
Iowa,Humboldt County,Female Breast,Female,126.9,45,24389
Iowa,Lucas County,Female Breast,Female,164.6,48,21448
Iowa,Marion County,Female Breast,Female,134.5,139,83200
Iowa,Iowa County,Female Breast,Female,124.7,67,40930